Source,Target,Weight
askreddit,funny,8067
askreddit,pics,6538
askreddit,gaming,6141
askreddit,worldnews,6054
askreddit,politics,6008
funny,pics,5493
politics,worldnews,4687
news,worldnews,4620
askreddit,news,4136
funny,gaming,4106
askreddit,showerthoughts,4076
askreddit,todayilearned,4070
news,politics,3017
askreddit,aww,2956
funny,gifs,2800
pics,worldnews,2755
gaming,pics,2748
askreddit,gifs,2725
askouija,askreddit,2514
askreddit,mildlyinteresting,2487
funny,worldnews,2450
aww,funny,2431
gifs,pics,2361
funny,showerthoughts,2349
askreddit,videos,2313
funny,todayilearned,2268
funny,mildlyinteresting,2231
askreddit,movies,2219
todayilearned,worldnews,2201
pics,todayilearned,2135
pics,politics,2064
aww,pics,2003
funny,politics,1990
news,pics,1984
nba,soccer,1968
gaming,worldnews,1966
askreddit,nba,1955
mildlyinteresting,pics,1898
funny,news,1781
nba,nfl,1693
askreddit,soccer,1689
pics,showerthoughts,1658
news,todayilearned,1636
askreddit,fortnitebr,1544
gaming,gifs,1509
askreddit,nostupidquestions,1471
askreddit,relationships,1471
gaming,todayilearned,1468
gaming,showerthoughts,1463
funny,videos,1413
pics,videos,1400
gaming,politics,1381
mildlyinteresting,showerthoughts,1326
askreddit,wtf,1302
hiphopheads,nba,1293
politics,todayilearned,1288
gaming,news,1280
fallout,fo76,1248
movies,television,1218
askreddit,trashy,1212
askreddit,the_donald,1194
askmen,askreddit,1190
askreddit,games,1184
gifs,todayilearned,1183
nba,politics,1178
videos,worldnews,1177
askreddit,nfl,1171
gifs,worldnews,1165
askreddit,me_irl,1159
aww,gifs,1147
askreddit,blackpeopletwitter,1146
gaming,mildlyinteresting,1144
aww,gaming,1138
askreddit,dankmemes,1126
gifs,mildlyinteresting,1120
gaming,movies,1115
funny,wtf,1107
liverpoolfc,soccer,1095
politicalhumor,politics,1090
movies,politics,1087
askreddit,unpopularopinion,1066
movies,worldnews,1055
aww,mildlyinteresting,1021
gaming,videos,1016
ice_poseidon,livestreamfail,1013
showerthoughts,todayilearned,1000
askreddit,leagueoflegends,997
politics,the_donald,991
askreddit,askwomen,969
askreddit,television,957
todayilearned,videos,956
greatawakening,the_donald,953
gifs,news,944
funny,movies,944
news,videos,942
pics,wtf,938
movies,news,933
askreddit,squaredcircle,898
fallout,gaming,894
mildlyinteresting,todayilearned,891
gifs,videos,878
askreddit,fallout,872
movies,pics,871
gifs,showerthoughts,871
games,gaming,868
askreddit,nintendoswitch,855
reddevils,soccer,855
askreddit,cringeanarchy,850
showerthoughts,worldnews,843
baseball,nba,824
aww,showerthoughts,822
movies,todayilearned,821
gaming,nintendoswitch,817
lakers,nba,813
politics,videos,811
gunners,soccer,797
the_donald,worldnews,791
askreddit,marvelstudios,782
askreddit,overwatch,778
askreddit,hockey,773
canada,worldnews,757
soccer,worldnews,747
gaming,ps4,744
hiphopheads,kanye,744
fortnitebr,gaming,738
aww,todayilearned,733
europe,worldnews,733
askreddit,jokes,728
nba,warriors,717
askreddit,starterpacks,710
aww,worldnews,703
gaming,pcmasterrace,702
askreddit,prequelmemes,700
politics,soccer,699
games,movies,687
movies,videos,685
askreddit,insanepeoplefacebook,683
rupaulsdragrace,spoileddragrace,675
gifs,politics,674
nfl,politics,673
askreddit,canada,671
askreddit,hiphopheads,658
bostonceltics,nba,656
askreddit,personalfinance,656
funny,trashy,645
askreddit,trees,644
adviceanimals,askreddit,642
askreddit,pcmasterrace,639
mildlyinteresting,worldnews,638
fifa,soccer,638
askreddit,politicalhumor,635
askreddit,oldschoolcool,631
politicalhumor,worldnews,630
news,showerthoughts,627
hiphopheads,soccer,627
marvelstudios,movies,625
askreddit,roastme,625
nintendo,nintendoswitch,625
ukpolitics,unitedkingdom,623
askreddit,teenagers,614
askreddit,sex,612
games,worldnews,607
nba,worldnews,606
games,nintendoswitch,604
askreddit,memeeconomy,602
askreddit,baseball,596
fortnite,fortnitebr,592
nba,squaredcircle,592
dankmemes,gaming,587
funny,jokes,586
askreddit,wow,585
television,worldnews,583
blackpeopletwitter,funny,579
nintendoswitch,smashbros,579
antimlm,askreddit,579
askreddit,interestingasfuck,576
gifs,wtf,572
movies,nba,571
pokemongo,thesilphroad,571
politics,television,567
pics,trashy,566
oldschoolcool,pics,565
aww,news,565
battlefield,battlefieldv,563
games,politics,563
todayilearned,wtf,561
askreddit,cars,561
gaming,xboxone,551
askreddit,casualuk,551
competitiveoverwatch,overwatch,550
aww,politics,544
funny,oldschoolcool,542
news,television,541
adviceanimals,funny,539
askanamerican,askreddit,538
askreddit,starwars,535
worldnews,wtf,535
askreddit,ps4,531
nba,news,529
nostupidquestions,showerthoughts,528
askreddit,mildlyinfuriating,526
baseball,nfl,525
fortnitebr,nba,525
askreddit,westworld,525
askreddit,memes,525
askreddit,destinythegame,524
askouija,me_irl,524
mildlyinteresting,news,524
dankmemes,memes,522
askreddit,confession,518
gaming,wtf,518
jokes,showerthoughts,518
games,ps4,517
nintendoswitch,ps4,514
fortnitebr,fortnitecompetitive,514
ps4,xboxone,508
canada,politics,507
technology,worldnews,505
relationship_advice,relationships,502
askreddit,tinder,498
askreddit,europe,498
clevelandcavs,nba,497
funny,memes,496
mls,soccer,495
gifs,movies,494
funny,interestingasfuck,493
pics,the_donald,492
soccer,squaredcircle,490
gaming,overwatch,487
anime,askreddit,485
movies,starwars,482
dankmemes,me_irl,481
hockey,nba,480
askreddit,rainbow6,479
gaming,nba,474
blackpeopletwitter,pics,471
askreddit,whatcouldgowrong,468
dankmemes,deepfriedmemes,467
politics,showerthoughts,465
gonewild,gonewild30plus,465
askreddit,casualconversation,464
askreddit,mma,463
askreddit,crappydesign,463
games,pcgaming,462
politics,wtf,453
gonewild,petitegonewild,453
blackpeopletwitter,politics,452
fireemblem,fireemblemheroes,452
baseball,nyyankees,448
askreddit,magictcg,447
blackpeopletwitter,nba,447
mildlyinfuriating,mildlyinteresting,445
dankmemes,pewdiepiesubmissions,444
nba,sixers,442
dankmemes,funny,442
askreddit,relationship_advice,439
interestingasfuck,pics,434
games,news,433
gaming,rainbow6,432
battlefield,gaming,430
nfl,soccer,430
adviceanimals,pics,429
gaming,prequelmemes,428
askouija,showerthoughts,427
askouija,dankmemes,426
news,the_donald,425
dankmemes,prequelmemes,422
europe,soccer,421
askreddit,choosingbeggars,420
anime,manga,419
cringeanarchy,the_donald,419
funny,oddlysatisfying,418
pics,television,418
askreddit,smashbros,418
news,wtf,417
anime,animemes,417
blackpeopletwitter,hiphopheads,415
funny,mildlyinfuriating,412
destiny2,destinythegame,411
bitcoin,cryptocurrency,411
leagueoflegends,summonerschool,411
leagueoflegends,soccer,410
askreddit,publicfreakout,410
askreddit,dnd,407
askreddit,technology,406
destinythegame,gaming,404
aww,videos,402
mildlyinteresting,videos,402
askreddit,comedycemetery,401
gaming,television,401
hockey,politics,399
askreddit,programmerhumor,399
canada,ontario,399
gaming,marvelstudios,397
formula1,soccer,396
funny,nba,394
videos,wtf,393
mma,soccer,393
askreddit,justnomil,393
funny,nostupidquestions,392
nfl,worldnews,392
television,todayilearned,391
askreddit,xboxone,391
animemes,askreddit,389
mma,nba,388
funny,the_donald,388
askreddit,oddlysatisfying,388
askeurope,europe,385
askreddit,legaladvice,383
blackpeopletwitter,gaming,383
hockey,soccer,381
mildlyinteresting,oddlysatisfying,380
news,politicalhumor,380
movies,soccer,379
askreddit,fo76,378
asiansgonewild,gonewild,378
fo76,gaming,377
askreddit,battlefield,377
askouija,gaming,375
gifs,oldschoolcool,374
caps,hockey,373
mildlyinteresting,oldschoolcool,373
funny,whatcouldgowrong,373
askreddit,watchpeopledie,371
games,soccer,371
games,videos,370
politics,squaredcircle,370
jokes,pics,370
askreddit,childfree,369
funny,television,369
dankmemes,memeeconomy,369
funny,politicalhumor,369
gaming,starwars,369
mildlyinteresting,politics,368
gaming,leagueoflegends,367
news,technology,367
blackpeopletwitter,worldnews,366
mildlyinteresting,wtf,366
askreddit,unitedkingdom,364
pics,politicalhumor,364
askouija,funny,364
askreddit,tumblrinaction,363
askreddit,dota2,363
advice,askreddit,361
nba,pics,360
dnd,dndnext,360
nintendoswitch,xboxone,359
news,nfl,359
edh,magictcg,358
interestingasfuck,todayilearned,357
politics,westworld,356
oldschoolcool,todayilearned,355
fortnitebr,soccer,354
gaming,memes,352
askreddit,greentext,352
gifs,interestingasfuck,351
aww,wtf,351
askreddit,cfb,350
gaming,soccer,347
askreddit,pubattlegrounds,347
mildlyinteresting,trashy,347
2007scape,askreddit,347
ukpolitics,worldnews,347
destinythegame,fireteams,346
askreddit,tooafraidtoask,346
movies,nfl,345
askreddit,warframe,344
hockey,nfl,344
askreddit,atheism,342
gaming,wow,341
askouija,memeeconomy,341
dankmemes,fortnitebr,340
baseball,politics,340
television,videos,339
askreddit,niceguys,339
askreddit,australia,339
gaming,me_irl,339
crappydesign,funny,339
fortnitebr,funny,337
crappydesign,mildlyinteresting,336
showerthoughts,videos,335
chelseafc,soccer,334
interestingasfuck,mildlyinteresting,334
askreddit,changemyview,333
games,xboxone,332
askreddit,gonewild,332
fashionreps,repsneakers,331
movies,ps4,330
trashy,wtf,330
askreddit,thathappened,330
baseball,hockey,329
leagueoflegends,nba,328
oddlysatisfying,pics,328
askreddit,dundermifflin,328
gaming,gamingcirclejerk,328
gonewild,wifesharing,327
canada,toronto,322
canada,canadapolitics,322
askreddit,pcgaming,322
adviceanimals,todayilearned,321
gaming,the_donald,321
askreddit,pewdiepiesubmissions,321
gaming,pcgaming,320
nintendoswitch,politics,320
askreddit,ukpolitics,320
askreddit,facepalm,320
android,askreddit,320
askreddit,hearthstone,320
blackpeopletwitter,news,318
cfb,nba,317
askreddit,askredditafterdark,317
nintendoswitch,splatoon,317
hamptonbrandon,ice_poseidon,316
movies,squaredcircle,316
askreddit,libertarian,315
aww,oldschoolcool,314
trashy,worldnews,314
unitedkingdom,worldnews,313
battlefield_one,battlefieldv,312
casualuk,unitedkingdom,312
gaming,trashy,310
mildlyinfuriating,showerthoughts,310
politics,technology,309
askouija,fortnitebr,308
askreddit,inceltears,307
funny,prequelmemes,306
funny,me_irl,306
mildlyinfuriating,pics,306
nostupidquestions,pics,305
games,nba,304
boxoffice,movies,304
askreddit,bestoflegaladvice,303
buildapc,pcmasterrace,303
prequelmemes,starwars,302
jokes,mildlyinteresting,300
dankmemes,showerthoughts,299
funny,trees,299
cringeanarchy,milliondollarextreme,298
cringeanarchy,gaming,298
askreddit,darksouls,297
aww,movies,297
askreddit,globaloffensive,297
nba,rockets,296
asktransgender,mtf,296
conspiracy,politics,295
fortnitebr,nintendoswitch,295
askreddit,drugs,294
askreddit,lifeprotips,294
politics,trashy,294
starwars,starwarsbattlefront,293
movies,showerthoughts,292
pics,whatcouldgowrong,292
hockey,leafs,292
nintendo,smashbros,292
askreddit,rupaulsdragrace,291
askreddit,twoxchromosomes,290
askreddit,formula1,290
mechanicalkeyboards,mechmarket,289
chapotraphouse,politics,289
gaming,smashbros,288
funny,soccer,287
nottheonion,worldnews,285
games,television,285
blackpeopletwitter,todayilearned,285
gaming,nostupidquestions,285
canada,news,284
marvelstudios,starwars,283
askreddit,fitness,283
cfb,nfl,283
askreddit,tumblr,283
adviceanimals,worldnews,283
gaming,squaredcircle,282
gaming,jokes,281
technology,todayilearned,281
apple,askreddit,280
askreddit,explainlikeimfive,280
askreddit,pathofexile,280
aww,trashy,279
nba,nba_draft,278
cringeanarchy,worldnews,277
funny,games,276
gundeals,guns,275
monsterhunter,monsterhunterworld,273
atheism,politics,273
askreddit,subredditdrama,272
dota2,soccer,272
mildlyinteresting,movies,272
baseball,soccer,272
cringeanarchy,pics,272
askreddit,nottheonion,272
mildlyinteresting,nostupidquestions,272
soccer,ukpolitics,271
adviceanimals,gaming,271
insanepeoplefacebook,trashy,271
leagueoflegends,worldnews,270
askreddit,conspiracy,270
cringeanarchy,dankmemes,269
askreddit,pokemon,269
gifs,trashy,268
anime_irl,animemes,268
baseball,mariners,268
askreddit,hmmm,268
overwatch,overwatchuniversity,268
fortnitebr,hiphopheads,267
politics,starwars,267
showerthoughts,trashy,267
gaming,interestingasfuck,266
todayilearned,trashy,266
askreddit,fatlogic,266
asktransgender,traaaaaaannnnnnnnnns,266
gonewild,gonewildcurvy,265
fortnitebr,me_irl,265
funny,marvelstudios,264
askreddit,parenting,264
canada,vancouver,264
me_irl,showerthoughts,264
games,todayilearned,263
funny,pcmasterrace,263
askreddit,whatisthisthing,262
oldschoolcool,worldnews,262
funny,technology,261
pcgaming,pcmasterrace,261
movies,nintendoswitch,260
competitiveforhonor,forhonor,260
gaming,nfl,260
askreddit,whowouldwin,260
blackpeopletwitter,gifs,260
gaming,mildlyinfuriating,260
askreddit,assholedesign,258
mma,squaredcircle,258
crappydesign,mildlyinfuriating,258
gifs,oddlysatisfying,258
dankmemes,pics,257
crappydesign,showerthoughts,257
casualuk,soccer,257
customhearthstone,hearthstone,256
news,soccer,256
relationships,sex,256
nba,videos,255
nba,nyknicks,255
hockey,worldnews,255
anime,gaming,255
kotakuinaction,the_donald,254
showerthoughts,wtf,254
askreddit,motorcycles,254
askreddit,whitepeopletwitter,252
ama,askreddit,252
nintendoswitch,pokemon,252
askreddit,food,252
gifs,whatcouldgowrong,251
fortnitebr,rainbow6,250
braincels,inceltears,250
askouija,mildlyinteresting,250
funny,tinder,250
oldschoolcool,showerthoughts,250
aww,cats,249
funny,insanepeoplefacebook,249
interestingasfuck,worldnews,248
pics,technology,248
globaloffensive,soccer,247
pics,soccer,247
askwomen,relationships,247
askreddit,livestreamfail,246
askreddit,forwardsfromgrandma,246
aww,oddlysatisfying,246
nostupidquestions,tooafraidtoask,246
europe,politics,246
askreddit,justrolledintotheshop,245
askouija,pics,245
bethesdasoftworks,fallout,245
askreddit,loseit,244
memes,showerthoughts,243
news,nottheonion,243
wifesharing,wouldyoufuckmywife,243
gaming,pubattlegrounds,243
pics,trees,242
nba,todayilearned,242
gifs,television,242
fallout,worldnews,241
cringeanarchy,funny,241
fallout,politics,240
australia,worldnews,240
askreddit,raisedbynarcissists,239
hiphopheads,movies,239
darksouls,gaming,239
conspiracy,worldnews,239
fallout,games,239
aww,interestingasfuck,238
chicagobulls,nba,238
nba,nintendoswitch,238
nfl,squaredcircle,237
europe,ukpolitics,237
askreddit,braincels,237
games,pics,237
funny,nfl,236
gaming,trees,236
hiphopheads,nfl,236
starwars,worldnews,236
libertarian,politics,236
politics,relationships,235
marvelstudios,politics,235
casualuk,ukpolitics,235
fortnitebr,pics,235
nba,ps4,235
oddlysatisfying,showerthoughts,235
politics,topmindsofreddit,234
leagueoflegends,livestreamfail,234
nintendoswitch,worldnews,234
babybumps,beyondthebump,233
nba,nbaspurs,233
askreddit,thesilphroad,233
interestingasfuck,wtf,233
askreddit,depression,233
politics,ps4,232
crappydesign,pics,232
askeurope,askreddit,231
askreddit,britishproblems,231
nba,television,231
funny,starwars,231
adviceanimals,politics,230
rpdrcringe,rupaulsdragrace,230
publicfreakout,videos,230
interestingasfuck,showerthoughts,229
gaming,oldschoolcool,229
rocketleague,rocketleagueexchange,228
askreddit,cryptocurrency,228
apple,iphone,228
funny,roastme,227
askreddit,nintendo,227
canucks,hockey,227
dmacademy,dnd,227
gaming,warframe,227
askreddit,deepfriedmemes,227
fallout,funny,227
australia,melbourne,227
nottheonion,todayilearned,226
hiphopheads,politics,226
news,oldschoolcool,226
ontario,toronto,225
cryptocurrency,eos,225
askreddit,mgtow,224
askreddit,wallstreetbets,224
askreddit,iamverysmart,224
adviceanimals,news,224
ps4,soccer,224
askreddit,rocketleague,223
hiphopheads,squaredcircle,223
battlefield,battlefield_one,223
habs,hockey,223
conspiracy,the_donald,223
nba,suns,222
nba,torontoraptors,222
memes,pics,222
askgaybros,askreddit,222
news,trashy,222
de,europe,222
fortnitebr,ps4,221
askouija,teenagers,221
askreddit,buildapc,221
coys,soccer,221
askreddit,gatekeeping,221
askreddit,unresolvedmysteries,220
fantasypl,soccer,220
funny,nintendoswitch,220
askuk,casualuk,220
nba,the_donald,220
blackops4,wwii,219
politics,wow,219
askreddit,trollxchromosomes,219
askreddit,maliciouscompliance,219
showerthoughts,unpopularopinion,219
facepalm,funny,219
funny,overwatch,219
funny,lifeprotips,218
personalfinance,worldnews,218
bigbrother,survivor,218
askreddit,vegan,217
comedycemetery,dankmemes,217
askmen,askwomen,217
prequelmemes,showerthoughts,217
britishproblems,casualuk,217
nottheonion,pics,216
baseball,chicubs,216
funny,nottheonion,216
libertarian,worldnews,216
gifs,jokes,215
dankmemes,greentext,215
askreddit,guns,215
keto,xxketo,215
askreddit,ireland,214
news,personalfinance,214
westworld,worldnews,214
askreddit,cats,214
dankmemes,mildlyinteresting,213
crappydesign,gaming,213
askreddit,mapporn,212
whatcouldgowrong,wtf,212
kanye,nba,212
fortnitebr,xboxone,212
nfl,todayilearned,211
gaming,politicalhumor,211
magictcg,modernmagic,211
movies,westworld,210
fortnitebr,overwatch,209
gaming,nintendo,209
personalfinance,politics,209
me_irl,teenagers,209
askreddit,dating_advice,208
fireemblemheroes,smashbros,208
askreddit,kanye,208
politics,ukpolitics,208
gaming,pewdiepiesubmissions,208
animemes,dankmemes,208
gonewild,wouldyoufuckmywife,207
teenagers,teenagersnew,207
canada,hockey,207
anime,games,207
askouija,prequelmemes,207
horror,movies,207
fortnitebr,showerthoughts,206
politics,the_mueller,206
blackpeopletwitter,soccer,206
gaming,pokemon,206
funny,whitepeopletwitter,206
askreddit,skyrim,205
darksouls,darksouls3,205
games,hiphopheads,205
askreddit,asksciencefiction,205
gaming,oddlysatisfying,205
askreddit,sports,205
funny,personalfinance,204
soccer,todayilearned,204
nfl,pics,204
canada,funny,203
askreddit,sysadmin,203
battlefield,fallout,202
atheism,worldnews,202
askreddit,cooking,202
askreddit,tf2,202
askreddit,traaaaaaannnnnnnnnns,202
news,publicfreakout,202
blackpeopletwitter,whitepeopletwitter,201
destinythegame,xboxone,201
askreddit,pokemongo,201
interestingasfuck,oddlysatisfying,201
cringeanarchy,politics,201
soccer,unitedkingdom,200
askreddit,kotakuinaction,200
cyberpunkgame,gaming,200
nostupidquestions,todayilearned,200
adviceanimals,gifs,200
cryptocurrency,ethtrader,200
