My cab driver tonight was so excited to share with me that he‚Äôd made the cover of the calendar. I told him I‚Äôd help let the world see,the_Diva,1514430055.0,307868,,i.redd.it,'',7mjw12
Gas station worker takes precautionary measures after customer refused to put out his cigarette,namraka,1507061450.0,263002,,gfycat.com,'',7431qq
The conversation my son and I will have on Christmas Eve.,Romobyl,1513711444.0,236775,,i.imgur.com,'',7kvjuz
I took a few shots at Lake Louise today and Google offered me this panorama:,MalletsDarker,1516282537.0,202651,,imgur.com,'',7r9ptc
These damn ads are what did it!,guyi567,1516116337.0,199464,,gfycat.com,'',7qt032
UPDATE. EA announces plans for next gen controller.,TheDarkLord66,1510671126.0,190958,,i.redd.it,'',7cw2m9
Bollywood at it finest.,bsurfn2day,1513315334.0,190586,,i.imgur.com,'',7jxoon
I found a bunch of fake cameras at Goodwill,EverythingFerns,1515508242.0,183150,,gfycat.com,'',7p7ffi
I'm that sibling,PNWndn,1516069158.0,179144,,v.redd.it,'',7qp34o
"Dude was showing the gorilla pictures of female gorillas and he for real is like ""next one please""",GuacamoleFanatic,1510600854.0,167132,,gfycat.com,'',7cphxl
My buddy dressed up as Eleven in honor of Stranger Things season 2.,Cooter_McDoogletron,1509034675.0,166734,,i.redd.it,'',78wn2r
When you‚Äôre bored at work,Obito_GF,1518790470.0,164788,,i.imgur.com,'',7xyz5p
Shoutout to the 13-year-old on a skateboard who called me a ‚Äúcandy corn bitch‚Äù,ronlechler,1528553932.0,164169,,i.redd.it,'',8pt2oc
All my husband wanted for Valentines was this stupid dinosaur costume. Ask and you shall receive...,lake1111,1518629394.0,157336,,v.redd.it,'',7xjolg
So my friend went to the DMV on Halloween...,paochow,1509473643.0,156467,,imgur.com,'',79xneh
"I found a joke book from 1940, and this has got to be my favorite one.",dragonxp1,1508249849.0,155432,,i.redd.it,'',76ytpe
No one is breaking into this house!,BasX,1531230905.0,150906,,gfycat.com,'',8xpbud
My friend was stopped by some tourists to take a photo of them in front of an advertisement for Tape Face in Las Vegas... My friend IS Tape Face.,createch,1531416657.0,149750,,imgur.com,'',8ybuck
Magicians are nothing without their assistant,t5_bluBLrv,1527006327.0,148755,,i.imgur.com,'',8lbaob
"Is it just me, or is Tom Cruise beginning to look like a middle aged lesbian?",--love,1506087265.0,148305,,i.imgur.com,'',71r085
This Amazon review.,mas1234,1517848481.0,147880,,i.redd.it,'',7vfxix
Ma Kitten,xsitin,1501691355.0,146520,,i.imgur.com,'',6r5cpe
Surprising move from the referee.,MediocreEnd,1521376240.0,146419,,i.imgur.com,'',85ay0m
Don't mess with this guy,Tucko29,1529083290.0,146194,,i.imgur.com,'',8rcovs
"The HOA in my friend‚Äôs neighborhood recently threatened her neighbors with a fine if they didn‚Äôt hide their trash cans, even though they‚Äôve been in the same spot for over a decade. This is their solution.",kalinkabeek,1521656700.0,143913,,i.redd.it,'',864g97
Late post but I think we found out who my parents‚Äô favorite child is.,flappypancake69,1515458928.0,142952,,v.redd.it,'',7p3ar0
"Checkmate, Flat Earthers!",GeneReddit123,1515961731.0,141511,,i.redd.it,'',7qedqv
I saw this legend at a stoplight lightning a joint with a piece of glass. I will never be as rad as this guy.,Stillbroke,1532701974.0,140072,,v.redd.it,'',92d0jf
Looking at pictures online of people trying to take photos of mirrors they want to sell is my new thing...,Panasonsick,1521743289.0,138677,,i.redd.it,'',86dthn
Just Missed Seeing A Vampire This Morning,Ge_Sto,1518971876.0,138043,,i.redd.it,'',7yfc8y
"Good news, everybody! The solar eclipse glasses I ordered a month ago finally came!",shotukan,1503678079.0,137596,,i.imgur.com,'',6vzj7d
Never give up,-sUBzERoo-,1520366606.0,136367,,v.redd.it,'',82i32u
The picture NASA doesn't want you to see.,Nanto_Suichoken,1503069656.0,135604,,i.imgur.com,'',6uiilj
And we have a lift off!,ndro777,1531664898.0,134906,,i.redd.it,'',8z22qf
Finally redone correctly.,RabbitHoleRunner,1516225626.0,133808,,i.imgur.com,'',7r4le8
Friend of a friend's pooch dragged the sprinkler in through the doggy door...,Spinolio,1532020327.0,133172,,i.redd.it,'',907r5c
Two drunk gentlemen try to pass each other,namraka,1519828267.0,132189,,gfycat.com,'',80wfoi
This definitely caught me off guard.,maestertargaryen,1532176624.0,131758,,i.redd.it,'',90ozr2
I asked for extra spicy Pad Thai today.,Lowghen,1507247808.0,131050,,i.redd.it,'',74jzsh
He waited his enitre life for this moment,SlimJones123,1522928586.0,130536,,gfycat.com,'',89yyzh
So much respect for this guy.,toiletskidmarks,1509203827.0,130365,,imgur.com,'',79amor
Miami is a Mario Kart track now,LunchroomRumble,1505257179.0,130172,,i.imgur.com,'',6zqn3d
I knew that the car we used to draw in kindergarten does exist.,AmiroZ,1503954450.0,128884,,i.imgur.com,'',6wmf8d
"I was stood taking a photo of my girlfriend in the sea, then realised so was every other Instagram boyfriend.",Lewy-G,1532860319.0,128866,,i.redd.it,'',92tw8e
Just picked up Ed Sheeran's new album,captainhowdy27,1515043793.0,128233,,i.imgur.com,'',7o0v92
Conor McGregor got his newborn son a 3-piece suit for the big fight.,PM_ME_STEAM_K3YS,1503586854.0,127658,,imgur.com,'',6vremp
How to NOT do the robbery,klanek,1518610459.0,127180,,gfycat.com,'',7xhkv5
My wife ran and won her age group in her first 5k this weekend. Here are a couple pictures from the race.,zachirino,1529350178.0,126722,,i.redd.it,'',8s2ag9
My lady friend wanted a piggy back picture on the beach and a random biker watching the sunset said he wanted one too.,sizertl,1508130439.0,126041,,i.imgur.com,'',76ocar
Grand opening,aFamiliarStranger,1502463362.0,125848,,i.imgur.com,'',6t1nzv
When Your Girls Insist The Costco Clerk Is Maui from Moana,Jamtonisalon,1515721000.0,125798,,i.imgur.com,'',7pt4yj
Monopoly Man in background during Equifax Senate Hearing,ImNotLeet,1507127748.0,124684,,i.redd.it,'',748j9v
Trash Panda‚Äôs got a trick for the kitties,Lukabob,1501586838.0,124675,,i.imgur.com,'',6qvl3a
The more you know,Jewfarts,1516999291.0,124284,,i.redd.it,'',7t7hu0
Outwitting a driver who won't let you pass,BadCentrifuge,1525175110.0,124282,,i.imgur.com,'',8g7t9t
Bear messing with water tank gets hit in the nuts!,Jbaker0024,1510882280.0,123929,,v.redd.it,'',7dhb0r
I'm fat and I'm pregnant and I have no shame.,borrow_a_feeling,1509562024.0,123651,,i.redd.it,'',7a5ng1
So much rage,myworkaccountatwork,1516541564.0,123353,,i.imgur.com,'',7rxoz8
Had to get my blood drawn today. This was on the wall at the lab.,lizzistardust,1515622487.0,123102,,i.imgur.com,'',7pj8qr
This is my last resort,cammoses003,1516846003.0,122424,,i.redd.it,'',7sskqk
"""How do you like it?""",natsdorf,1508510630.0,122187,,i.imgur.com,'',77miv7
"Nice editing, dad",nugatty,1511908822.0,121341,,best-gif.com,'',7g874k
My cat powers up his attacks.,zkit18,1508201040.0,121051,,v.redd.it,'',76uzr0
"Tom Brady looks like a single, divorced mother that just won full custody of her kids and is leaving the courtroom.",scobbysnacks1439,1517784323.0,120776,,i.redd.it,'',7va9or
Not all heroes wear capes.,I_Am_Batgirl,1511550078.0,120423,,i.redd.it,'',7f9jbf
Grower hides from SWAT in warehouse closet,sorrysalesman,1510629788.0,120223,,v.redd.it,'',7csscc
The One.,Filthy_Casual01,1515423215.0,119737,,i.redd.it,'',7oyzhj
1 1/2 years later... ‚ÄúOur product doesn‚Äôt last that long!‚Äù O_O,felicianh,1522674269.0,118629,,i.redd.it,'',88z4wb
My parents haven't noticed.,SanePsycho82,1513881462.0,118621,,imgur.com,'',7lbf0x
"4 days without a cigarette and a co-worker told me to ""come back in a year"" before I'm proud about it. Mark your calendars, Ladies and Gents.",SaltMineForeman,1505409870.0,118111,,i.imgur.com,'',703qhj
The calm before the storm.......,Anthonym82,1514733777.0,118071,,imgur.com,'',7n8zoh
Tom Hanks crashing couples wedding photo shoot.,Jamtonisalon,1515941248.0,117659,,i.imgur.com,'',7qc7af
jogging,officerpupp,1508339356.0,117588,Verified,i.imgur.com,'',7775z2
Gym guy teaching blind woman how to deadlift,Tucko29,1521129211.0,117273,,i.imgur.com,'',84nhw4
I've waited my entire life to see someone actually try this,dazthecat,1516444959.0,116979,,imgur.com,'',7rpqda
PSA to all memers out there.,KOSsniperChief,1525869118.0,116521,,v.redd.it,'',8i5l2n
First thought that popped into my head when I saw this,Mayhem_Actual,1529525047.0,116229,,i.redd.it,'',8slhi0
Cows absolutely adore accordion music.,hang-loose,1520464646.0,115830,,v.redd.it,'',82sud2
"The fourth largest city of Sweden, Uppsala, is currently flooded. The Swedes aren‚Äôt that concerned",PpelTaren,1532884242.0,115941,,i.redd.it,'',92w9tj
That's no snow angel,Bolognious_Maximus,1518914888.0,115542,,gfycat.com,'',7yauna
This building is like someone was making it up on the fly,JoshinMyCoins,1507040874.0,115260,,i.redd.it,'',740qkm
"Trying to impress my wife with new overpriced smart bulbs, forgot our security cam was recording.",textredditor,1512839629.0,115156,,i.redd.it,'',7inylo
Change My Mind,PrinceOfHungary,1519402679.0,115146,,i.redd.it,'',7zp74r
Muscle memory,Obito_GF,1524011597.0,114819,,i.imgur.com,'',8d1j41
Overcrowding in British prisons,TooShiftyForYou,1515163414.0,114628,,i.imgur.com,'',7obllk
First date locations pros and cons,matts41,1508431035.0,114316,,i.redd.it,'',77flkn
My mom said this was one of my favorite things to do as a child.,gronkaflomarous,1510514075.0,114121,,i.redd.it,'',7che49
Currently Africa by Toto is winning for our graduation song and someone doesn't approve,RiverDigger,1525799927.0,113854,,i.redd.it,'',8hygq4
"I'm deathly afraid of heights... I went to the Skydeck at the Willis Tower (Sears Tower) and slowly inched my back to the edge, mustered up all composure I could and took a pic. I thought I nailed it until I saw the photo...",MaxLo85,1531327164.0,113870,,imgur.com,'',8y15fo
Fun for the whole family.,Palifaith,1519982082.0,113765,,i.imgur.com,'',81d0sz
Max must NOT be allowed in the library. Cross posted from r/cats,TheLoserCrowd,1511972687.0,113634,,i.redd.it,'',7gegt5
"My 11 year old has started drawing fat, middle aged Batman at the beach and it's everything you never knew you needed in life",knittymcknitpants,1506356272.0,113624,,i.redd.it,'',72dhsc
Not all heroes wear capes,xxshadowraidxx,1518494887.0,113416,,i.redd.it,'',7x6sb2
Dammit Luke,bitcoin4urthoughts,1515092989.0,113298,,i.redd.it,'',7o58ke
When your trainer leaves you alone for 10 seconds,Obito_GF,1522003679.0,113102,,i.imgur.com,'',872r5f
This Thinker,MaGuishi,1512318511.0,113044,,i.imgur.com,'',7hajvn
The State Department nailed my girlfriend's passport,reece1,1501800052.0,113043,,i.redd.it,'',6rg5uo
It‚Äôs been a stealthy three months,stomehouse,1506056135.0,113016,,i.redd.it,'',71oug6
The tides have turned.,Plebsplease,1531534066.0,112815,,i.redd.it,'',8ypvcs
My Dad makes my step mom take pictures of him doing weird things when we have record breaking low temperatures,PM_ME_YOUR_BEARDD,1515349054.0,112309,,i.redd.it,'',7os7pg
My wife said when I pass she would go the extra mile to give me the burial I deserve...,fangojett6,1512617662.0,111969,,i.redd.it,'',7i3nul
"Wife sent this after picking up our dog after surgery today. Says he's ""still under the influence.""",schmerbert,1507931122.0,111836,,i.redd.it,'',76802b
Backpack seller answers a question,haemaker,1511198152.0,111596,,i.imgur.com,'',7eadxh
"My dog was extremely tired, but just HAD to follow me into the bathroom in the middle of the night.",Thaimae,1515112960.0,111255,,i.redd.it,'',7o7d5t
Goal: Become so rich that your hairline comes back,sirferrell,1511815654.0,111194,,i.redd.it,'',7fybgs
My father is the Black Bob Ross,craftlm,1512958978.0,111100,,i.redd.it,'',7iyyyq
My GF's obsession with cheesy cursive signs inspired me to make my own uninspirational signs,Shancar,1516040964.0,110831,,i.imgur.com,'',7qlnn8
Yesterday was my birthday so i threw myself a party,The_Argentine_Pace,1523926079.0,110158,,i.redd.it,'',8cskvd
Special needs teachers put this up today.,whatsyourflavor,1522081815.0,109947,,i.redd.it,'',87agu2
My Worst Nightmare,zman5150,1527193393.0,109827,,i.redd.it,'',8lvuk4
2017 eclipse. So majestic.,AJoyce86,1503366933.0,109340,,i.redd.it,'',6v7vod
"Using a prank idea from Askreddit, I put vanilla pudding in a mayonnaise jar. My kids were horrified as I ate it while watching them open their Easter presents.",narcolepsyinc,1522631570.0,108717,,i.redd.it,'',88vni9
My 13 year old sister thinks she‚Äôs hilarious,WhuddupBoiz,1507187247.0,108641,,i.redd.it,'',74ecg8
TSA,willdogs,1525044666.0,107624,,i.redd.it,'',8fv91v
"Flight ""666"" on Friday 13th is now going straight to 'HEL'",ScarletLion1,1507898631.0,107238,,i.imgur.com,'',764ipi
Giving a teddy bear on Kiss Cam.,lessons_learnt,1518811814.0,107241,,i.imgur.com,'',7y1izx
Had my leg amputated and my brother shows up to the hospital dressed as a pirate,TheGoodTwin94,1501630343.0,106992,,i.redd.it,'',6r07wb
"My mate wasn't going to his graduation due to his parent being away. So we took a budget graduation photo and stepped in as ""mum"" and ""dad""",Zoomer1997,1532506461.0,105742,,i.redd.it,'',91pymy
How my son shovels,Jloconnor88,1516311515.0,105591,,v.redd.it,'',7rd6s4
Saw this woman getting a better view of the eclipse,Grumpntug,1503340975.0,105572,,i.redd.it,'',6v50pa
Some friends are just assholes.,arkh97,1525442510.0,104675,,v.redd.it,'',8gzgpl
"Oh, how the tides have turned...",anemik,1517996519.0,104648,,i.redd.it,'',7vuzzg
Something about pumped up kicks?,sw201444,1502294062.0,104567,,i.redd.it,'',6sme0p
This sign on a vending machine at my work,AlphaOmniWolf,1531060528.0,104505,,i.redd.it,'',8x1txy
My dog realized she can stand in the pool,Sirjangly,1502635321.0,104358,,i.imgur.com,'',6tffks
"""Shirtception"" - my favorite gift every year from my brother. We're now at level 4.",GeorgieWashington,1514323627.0,103783,,i.redd.it,'',7maghw
"Lol, kids.",TheBubbaJoe,1530405873.0,103769,,i.redd.it,'',8v6bki
My college doesn't want us to make popcorn in their shitty microwaves,Pupperochini,1519084535.0,103237,,i.redd.it,'',7yrfk0
"I get a Snapchat from my brother and then a text from my dad saying, ‚Äúpost that to the Internet‚Äù.",PaPoptata,1529024477.0,102754,,i.redd.it,'',8r70io
Guys will understand,MichaelRahmani,1502036244.0,102726,,i.redd.it,'',6rz7xb
Who needs a fishing pole anyway.,Plebsplease,1531848423.0,102235,,gfycat.com,'',8zn50h
Clouds have feelings too,AlfredJodokus,1528713640.0,102025,Verified,i.redd.it,'',8q8jd3
My cousin is a driver for UPS and posted this today,jollygreengentile,1513988888.0,101945,,i.redd.it,'',7llg05
All terrain vehicle,SlimJones123,1507724277.0,101811,,gfycat.com,'',75onz4
My daughter has been picking her own clothes and watching her big brother get on the bus.,MatthewSmith58,1503709731.0,101791,,i.redd.it,'',6w2q6e
How to win a prank war. My friend snuck a heinous portrait of me into a charity auction that I was attending. Sold for $200.,afschmitt,1519611440.0,101707,,i.redd.it,'',809iqy
Little girl has her Christmas priorities straight,Obito_GF,1512250169.0,101663,,i.imgur.com,'',7h5ess
he saw the opportunity and he took it.,nchuman_,1519852339.0,101498,,i.redd.it,'',80zngm
The code works,ObsoleteGentile,1522190295.0,101159,,i.redd.it,'',87muum
World Cup,Old-Blighty,1530128078.0,101147,,i.redd.it,'',8ucmje
My girlfriend was true to her word!,Spar34,1511290237.0,101053,,i.redd.it,'',7ek4z2
"No, wait, watch how awesome I am too.",bsurfn2day,1519102986.0,100614,,i.imgur.com,'',7yte4q
Too soon?,ILoatheNickCage,1508070526.0,100480,,i.redd.it,'',76ioq2
This gag is now a century old,dashcam_drivein,1521350073.0,100224,,i.imgur.com,'',859e8k
Morale is high this week..,Tucker88,1508367645.0,100145,,i.redd.it,'',77af67
My brother gave me a framed photo of my most upvoted comment of all time for Secret Santa this year.,icandoittwice,1514229234.0,100017,,i.redd.it,'',7m3077
Remodeling my Grandfather's basement and found this... he's still yelling at us from the grave.,Fluffhead_Phan,1519509294.0,99783,,imgur.com,'',7zzv10
Incredible Black Friday madness,guijcm,1511524912.0,99615,,v.redd.it,'',7f724e
300 kmph in a small german town (with sound),eggsplorer,1516657209.0,99539,,v.redd.it,'',7s98yb
Me flying my quadline kite and getting blown away while my friends are no help..,kierut,1527383121.0,99409,,v.redd.it,'',8meiw3
These employees at NASA totally look like they're about to drop the most fire mixtape in the galaxy,jwed420,1530555404.0,99401,,i.redd.it,'',8vkwjw
The Dad Tax,lordumoh,1519012296.0,99311,,i.redd.it,'',7yjwqh
Dad... is that you??,sil130,1511037367.0,99286,,gfycat.com,'',7dvk70
"Happy New Year, children!",BMFC,1514772834.0,99245,,i.redd.it,'',7ncmkx
Utah ski resort gets a 1 Star review from a guy in Los Angeles because the mountain was too difficult. They used the one star review to advertise what the mountain is best known for.,rightcoastguy,1505875200.0,99182,,i.redd.it,'',7185wx
This real Ron Swanson,CapitalisticCorgi,1505568205.0,98939,,i.redd.it,'',70guna
Imagine losing because of your penis,sil130,1513020219.0,98525,,gfycat.com,'',7j4j2l
Fuck it,DamnThatWasMyHead,1512419292.0,98493,,i.redd.it,'',7hk4hr
These sale prices. Wait till the end.,ChiliadChief,1525623579.0,98488,,v.redd.it,'',8hg9gg
"""You seeing this shit?""",MattCloudy,1510084699.0,98434,,i.imgur.com,'',7bfrse
My wife really likes it when I do house work so I sent her these pictures while she was at work hoping it would turn her on.,dirty-ol-sob,1517077860.0,98068,,i.redd.it,'',7tejvm
Happy birthday to you!,Nasjan77,1501957285.0,97665,,i.redd.it,'',6rtc5m
Would buy. 10/10,TheLoserCrowd,1525920400.0,97585,,i.redd.it,'',8ibq2r
Using the dinosaur filter while celebrating birthday didn't go well,WankyVoldemort,1527745567.0,97529,,v.redd.it,'',8nfxrw
Someone needs to find a new pooping spot.,narglehunter,1532308854.0,97533,,i.redd.it,'',912ubx
How to stop a kangaroo fight,sil130,1515354719.0,97480,,v.redd.it,'',7osuh0
My friend‚Äôs boyfriend was not happy about his kindergarten picture. His parents still have it framed in their house 20 years later.,wrud4d,1513228950.0,97298,,i.redd.it,'',7jpj4z
The Internet was made for this.,fawert1,1508533406.0,97258,,v.redd.it,'',77p1s3
Las Vegas...,gooddaysuckaaaa,1530221519.0,96974,,i.redd.it,'',8unlhb
Ice-skating + HD cameras =,albo_underhill,1518554018.0,96809,,imgur.com,'',7xcf9e
The robot uprising will be goofier than we expected,am_reddit,1507842494.0,96650,,gfycat.com,'',760179
"Football players found out their coach used to dance for M.C. Hammer, made him do the dance at practice.",PM_ME_STEAM_K3YS,1503319181.0,96261,,gfycat.com,'',6v2ms5
College math courses in a nutshell.,ndemerson,1520170484.0,96018,,gfycat.com,'',81xogj
Making a deposit,Markyhoof,1515687966.0,96003,,v.redd.it,'',7pp8e0
Get yourself a good boy who will go the distance with you,LatvianGiant,1519778630.0,95906,,i.imgur.com,'',80rrxn
"In Spanish-speaking countries, the tooth fairy is a mouse (Ratoncito P√©rez). This is my dentist office.",ZurgTS,1530187612.0,95882,,i.redd.it,'',8uiqsz
House Rules.,Lootris,1512938522.0,95849,,i.redd.it,'',7iwll2
The oldest trick in the book.,phd_dude,1503444420.0,95829,,i.imgur.com,'',6veytw
Recovery level: 360¬∞,danbrownskin,1513777616.0,95422,,i.redd.it,'',7l1h19
This meteor,pietradamore,1525534162.0,95362,,i.redd.it,'',8h87t3
Tried to take a selfie at JFK. Caught this gem before I could figure out how to reverse the cam.,sumthininteresting,1506801883.0,95314,,i.redd.it,'',73h5fy
Life finds a way,business2690,1523026246.0,95025,,gfycat.com,'',8aa49u
Lady killer,A_simple_idea,1530809996.0,94879,,v.redd.it,'',8wc343
My wife is smokin' hot so I picked the shower curtain.,ryencokez,1511919558.0,94777,,i.redd.it,'',7g9fwv
My security camera caught this shady character,henrymatt,1527885513.0,94755,,i.redd.it,'',8nv9hc
"""Near Misses Throughout History""",RedRedRoad,1505348708.0,94612,,i.redd.it,'',6zyrr6
We all know how this ends.,bsurfn2day,1516412813.0,94585,,i.imgur.com,'',7rnc2c
This is one of my favorite scenes from How It's Made,ThePeoplesBard,1520724116.0,94574,,i.imgur.com,'',83iv2w
The time Stephen met Jim Carrey RIP Stephen Hawking,LongEclipse,1521009818.0,94500,,i.redd.it,'',84bclj
Opened up my gaming headset to replace the cord and was greeted by this...,AKLmfreak,1522124237.0,94413,,v.redd.it,'',87fkxm
"I heard this kid yelling for his dad at Lowe‚Äôs, I went looking for him and.....",GetALoadOfToad,1524881623.0,94221,,i.redd.it,'',8fgws3
Canadian Russian roulette,bsurfn2day,1515180717.0,94184,,i.imgur.com,'',7odmdl
So my local orchestra practices in the catholic center (not a religious organization but they let us have the space for free). Recently the room added a pope cardboard cutout. My stand mate moved the cutout to the window beside the cello‚Äôs entrance. I came around the corner and lost my sanity.,WeathrNinja,1526265697.0,94051,,i.redd.it,'',8j91bq
got my gram a new apron for her 90th birthday. this is the moment she realized what was on it,peekab0o14,1520179736.0,94045,,i.redd.it,'',81yiw4
Remodeling a Bathroom,averagedickdude,1530674139.0,93803,,i.redd.it,'',8vycj0
It was only a matter of time,whodat666,1510381769.0,93648,,i.redd.it,'',7c6x9d
He thought she wanted to shake :(,Gracynvh,1512765205.0,93599,,i.redd.it,'',7ihrl4
Kansas City really lets tourists have a good time,trobsmonkey,1525720033.0,93501,,i.redd.it,'',8hq1gt
A clean sweep,montemole,1518371256.0,93075,,i.imgur.com,'',7wu840
A wild luggage in its natural habitat,cyan1618,1523710045.0,93065,,i.imgur.com,'',8c7btv
This guy is living in 2050,kashluk,1522594084.0,93062,,i.imgur.com,'',88r9xw
"Saw this pilot at the airport, yesterday.",CorkyBravo,1509538672.0,92945,,i.redd.it,'',7a36pg
Some pranks are universal,RespectMyAuthoriteh,1509240097.0,92883,,i.imgur.com,'',79dvpx
Getting fitted for a uniform,bsurfn2day,1524242054.0,92847,,i.imgur.com,'',8doyj4
"Thanks, Google Translate",Orange-Crocs,1527413413.0,92771,,i.redd.it,'',8mgqv4
My girlfriend left me a note.,F1uffydestro,1512735226.0,92722,,i.redd.it,'',7iele7
Mark Ruffalo visits children's hospital in his Hulk costume.,thejohnblog,1531599543.0,92725,,i.imgur.com,'',8yw4qf
3 of them are hand drawn. Guess which one,Obito_GF,1520570087.0,92639,,i.imgur.com,'',8341pa
Wanna play Doctor?,Noname_Maddox,1517517590.0,92630,,i.redd.it,'',7ulthr
Try not to trick the owl,Lukabob,1502540488.0,92611,,i.imgur.com,'',6t85c2
Google review of the Chernobyl sarcophagus,DickPunchKaboom,1525663662.0,92578,,i.redd.it,'',8hkld2
Even in a disaster no one wants the vegan food,nashrome,1504286656.0,92467,,i.redd.it,'',6xg16q
El Crasho,KickAClay,1503241537.0,92441,,i.redd.it,'',6uw6w8
"Wait till I say ""go"".",natsdorf,1508177480.0,92203,,i.imgur.com,'',76sdpj
"My daughter was excited for her first computer homework, but then she had her first experience with Windows Update instead",dragsterburn,1528904585.0,92156,,i.redd.it,'',8qtfbj
I donated a kidney a few days ago so my friend decided to get me a celebratory cake.,tomgremlin,1518229684.0,92014,,i.redd.it,'',7winvm
Why,DamienNev,1518987507.0,91819,,i.redd.it,'',7yhaey
Filming a Middle Age Festival with a Drone,bobcobble,1512915855.0,91789,,i.imgur.com,'',7iu5a5
Stan Lee.,Apex_Lock,1524538686.0,91477,,imgur.com,'',8eha9q
"Mirror, mirror, in the mall",SlimJones123,1521048285.0,91448,,gfycat.com,'',84f6f2
TV vs Reality,Mewiee,1530539131.0,91373,,v.redd.it,'',8viqoq
The ultimate betrayal...,Reddit__PI,1526853257.0,91336,,i.redd.it,'',8kvver
Black Friday (Portugal style).,Compendyum,1511733462.0,91259,,i.imgur.com,'',7fq589
Ugly people have talent too,Smashimoe,1519809786.0,91142,,2.bp.blogspot.com,'',80uqm7
Things I love,matts41,1510852304.0,91103,,i.redd.it,'',7ddt8r
Fresh Squeezed,Amcal,1524356140.0,90816,,v.redd.it,'',8dzr9h
Whoa take it easy Kimberly,ambiguwus,1516754834.0,90718,,i.redd.it,'',7sjaqw
"Waze, summed up in a gif.",belle16lopez,1528919336.0,90660,,i.imgur.com,'',8qvfrf
"Neighbors went to see ""It."" It will be dark when they see this.",mynameizbrian,1504921488.0,90620,,i.imgur.com,'',6yz3rm
"""How did you even get to be Captain?""",-EG-,1503168477.0,90588,,i.imgur.com,'',6uqt2t
No kids,Great_Horny_Toads,1504446375.0,90443,,imgur.com,'',6xt7t0
Some more magic tricks,Ibylith,1508558633.0,90338,,v.redd.it,'',77rb35
Giving her the milk!,phil_dapain,1524692649.0,90025,,v.redd.it,'',8exe7i
Ultimatum Dispatcher..,C0d3M3chan1c,1518450585.0,89862,,gfycat.com,'',7x1m61
Bought 2 Lifesavers at CVS and the receipt was almost as long as my truck bed,Veiss76,1531872950.0,89729,,i.redd.it,'',8zql6a
A 10 year argument with my wife is finally over.,pdxchris,1504724889.0,89696,,i.redd.it,'',6yhr9q
Sad picture of Wall Street traders reacting as stock market plunges.,Fuzzie8,1517876297.0,89609,,i.redd.it,'',7vjd2n
"""So i came home to a surprise..""",frank2336,1526951619.0,89554,,v.redd.it,'',8l5zd4
"Comic strip, by me.",DukeOfCheddar,1521220685.0,89525,,i.redd.it,'',84x3vk
"I told my husband I wanted a picture alone with Jason Momoa, but he wasn't comfortable with that. [x-post from r/pics]",twoforjoy,1529252751.0,89508,,imgur.com,'',8rs4c8
Words to live by,BeyondTheGate,1515795206.0,89435,,i.imgur.com,'',7q06lq
going to work on monday morning,byocef,1527335346.0,89166,,v.redd.it,'',8m9nnt
There is always that unlucky friend,D5R,1506293865.0,89116,,i.imgur.com,'',728hdu
Went to a house party last night and....,duchesscalico,1513559096.0,89069,,i.redd.it,'',7khts3
Are you sick and tired of an unreliable lighter? We have the solution for you!,StrangeTwist,1525192489.0,89051,,i.redd.it,'',8g9t8l
My friend's dad after a snow day,youtubeTheClaymer,1514859022.0,88916,,v.redd.it,'',7nje5v
My dad is an amputee. He texts me pics like this often.,Murse_Johnsy,1517120052.0,88511,,i.redd.it,'',7timyg
I dropped a box of spaghetti on the ground and accidentally graduated from Art School.,Man_E_No,1523580889.0,88469,,i.redd.it,'',8bv9fg
Someone hates helping with laundry,arg6531,1506961037.0,88360,,i.redd.it,'',73tsez
I've had a few drinks so may find this funnier than I should... but when I was younger I used to like pulling the heads off of my sister's Barbie dolls and drawing a face on the stump underneath,TheWoy,1531247091.0,88148,,i.redd.it,'',8xrwy4
"Co-worker went on vacation, so we ""upgraded"" his hardware. He reddits so here's to him finding out before he gets back.",Kaerval,1531189945.0,88127,,i.redd.it,'',8xjxcy
Anybody see where my toy went?,bsurfn2day,1513012192.0,88080,,i.imgur.com,'',7j3jq2
"Went bowling with my brother today. He asks for the biggest size they have, and the counter guy's response was ""I knew this day would come, we've been waiting for you.""",lostinnarnia,1504476430.0,88004,,i.redd.it,'',6xw5rl
Faceswapped my brother and my daughter. I will never stop laughing at this.,ne0nnightmare,1507807321.0,87958,,imgur.com,'',75wc6r
My dog became a Sith Lord.,Deathkru,1511640672.0,87947,,gfycat.com,'',7fhn5d
I knew something seemed off,VivaLaVodkaa,1516212742.0,87932,,pbs.twimg.com,'',7r2y1s
Mad respect,Doge-_0,1527559231.0,87839,,i.redd.it,'',8mvcfm
My wife asked me make some ads for our garage sale on Facebook. I think I found the perfect hook.,tweak06,1531402109.0,87851,,i.redd.it,'',8y9rr5
I let my boyfriend choose a shower curtain and now we have this,BoaGirl,1511840823.0,87831,,i.redd.it,'',7g18cy
I‚Äôll be damned. It worked. Heading to store now for air freshener and some silky soft toilet paper.,Browerma,1524742913.0,87614,,i.redd.it,'',8f1z3h
The free antivirus software that comes with your computer,RaiderMystique_02,1532585001.0,87608,,v.redd.it,'',91zow0
Flight attendant demonstrates how to put on a life jacket,natsdorf,1510770693.0,87343,,i.imgur.com,'',7d63w3
"My stepdaughter has crazy hair day at school today, how did we do?",NoraRose_86,1507298784.0,87293,,i.redd.it,'',74ntlx
You can never out-prank a dad,inb5,1532982782.0,91298,,i.imgur.com,'',937qo7
Late for the train.,bsurfn2day,1507440174.0,87266,,i.imgur.com,'',74zzic
This dog looks like William H. Macy,gryff42,1501606481.0,87140,,i.redd.it,'',6qxjqh
"Hi Kids, want to dance?",bsurfn2day,1522255751.0,86947,,i.imgur.com,'',87tgst
"We always get each other ironic gifts, my little sister killed it this year: batteries not included",341913,1514212607.0,86893,,i.redd.it,'',7m1mi2
"Ready. Set... Fuck you, I win!",kangkang_93,1517752560.0,86731,,i.imgur.com,'',7v6u2z
Assassins Raccoon,Thund3rbolt,1525891302.0,86706,,i.imgur.com,'',8i8cy5
Croatian firefighters before Rakitic penalty shooting against Russia,CroAtTheTop,1531309591.0,86667,,v.redd.it,'',8xyv4r
Machines are rising,Mi7ko,1512059708.0,86652,,v.redd.it,'',7gnkaw
Using peanut butter to distract your dog while washing it,PM_ME_SUlCIDE_IDEAS,1505993937.0,86207,,i.imgur.com,'',71ij3d
I'm... just... gonna... go... by,Thund3rbolt,1522424531.0,86080,,i.imgur.com,'',88b9ni
Well I'm sold,HazeCrusader,1518458184.0,85980,,i.redd.it,'',7x2ktx
It's in the glass!,r3stinpi3c3s,1510859626.0,85890,,i.redd.it,'',7deovx
I guess it's f***ing good frozen yogurt,maltaa,1510030896.0,85686,,i.imgur.com,'',7bb0pu
Ryan Stiles is comedic gold,triglett,1532479604.0,85751,,i.redd.it,'',91n4xi
The kids were told to dress like they were 100 years old for their 100th day of school so my son got a haircut.,miakl83,1524834145.0,85593,,i.redd.it,'',8fbgij
Work perks,NeedMoneyForVagina,1508708507.0,85482,,i.redd.it,'',7836pp
"Aww, His first USB experience",pjortiz,1510267140.0,85424,,i.redd.it,'',7bwy08
Battery falling down a hole (OC),TONYTRIPE,1518259035.0,85329,,i.imgur.com,'',7wkrnu
Shoutout to the PTA at my kids' elementary school for the most hilariously honest fundraiser I've ever seen.,Charlie_Olliver,1523454789.0,85309,,i.redd.it,'',8bh7wp
Basketballs are flat,bike_tyson,1529727975.0,85303,,i.redd.it,'',8t7j9p
Han Solo,deftonesdid911,1518032516.0,85172,,i.imgur.com,'',7vys0s
We all bork down here,d4hm3r,1508790660.0,84979,,i.redd.it,'',78amfn
"What an angle, what a cameraman!",cyan1618,1522168139.0,84824,,i.imgur.com,'',87jt1g
I got a pair of circle rim shades but my girlfriend didn't like them. So I gave them to my grandmother and then all her friends bought matching pairs. Now they look like they're about to drop the hottest album of 2017.,laughingwarlock,1508954501.0,84686,,i.redd.it,'',78pgze
"My brother and I became uncles this week to twins. First impressions are important, so naturally we shaved and dressed to impress",kraziefrazie,1506017412.0,84571,,i.redd.it,'',71l0xt
About 95% of Americans right now.,cletus1986,1517800976.0,84567,,imgur.com,'',7vbw3h
My roommates and I invented a game and wanted to share it with the world!,Bwoody1994,1504823231.0,84543,,v.redd.it,'',6yqmnt
"My friends and I were packing up from a camping trip, music was created, via bungee chord, and magic ensued...",Jaydoso,1523305645.0,84553,,v.redd.it,'',8b1osa
Trolling your dad,mike_pants,1506377252.0,84428,,i.imgur.com,'',72fvsq
"If everyone is special, no one is.",zufriedenpursuit,1525974779.0,84363,,i.redd.it,'',8igt0e
My dad likes reading so I got him a Kindle for is birthday. He's using it as a bookmark.,repliers_beware,1507492327.0,84241,,i.redd.it,'',753ya6
Zach Braff shared this faceswap of himself and Dax Shepard on Twitter,Strike_Gently,1522874941.0,84201,,i.imgur.com,'',89tcq3
The Simpsons predicted it!,9kz7,1513256367.0,84095,,i.imgur.com,'',7jreru
One night stand anyone?,devgal,1509284877.0,83924,,i.redd.it,'',79gkbe
Replaced my little sisters graduation photo with one of the supreme leader 3 weeks ago. Dad still hasn‚Äôt noticed.,PM_ME_UR_TAINTT,1514487348.0,83813,,i.redd.it,'',7mok51
The local newspaper is kinda famous for its headlines,free_potatoes,1505770706.0,83798,,i.redd.it,'',70y8m0
Just a typical day in parliament,Lukutiss,1504958268.0,83745,,i.imgur.com,'',6z1bed
Bored walking around Hobbycraft with my girlfriend and did the most British thing possible...She thought I was immature but I think I‚Äôm hilarious!,Whiteshadows86,1526069931.0,83688,,i.redd.it,'',8iqvef
British vandalism at its best,andrewjacobsny,1513095642.0,83627,,i.redd.it,'',7jbryf
Metric System,mapent,1529422453.0,83589,Verified,i.imgur.com,'',8s9sdx
The Monopoly Man Chases The Equifax CEO after the Hearing,oppressed_white_guy,1507157211.0,83439,,gfycat.com,'',74bu5k
Gordon is burnt!,-Tinsky-,1519700969.0,83337,,i.redd.it,'',80j49z
This is the best thing since sliced bread,ThisIsWhatImHereFor,1530830008.0,83115,,i.redd.it,'',8wet3q
My wife just texted me this picture of our cat playing behind the TV,FutonSpecialOps,1519062377.0,83062,,i.redd.it,'',7yogqq
This person needs some sort of award,Luxowell,1502890300.0,83035,,i.redd.it,'',6u21ll
Drunk driver hits himself.,air28uk,1520443050.0,82941,,i.imgur.com,'',82pxq4
Shoveling the deck,SlimJones123,1515675581.0,82780,,i.imgur.com,'',7pnwt9
The best type of fist bump,JF_112,1501856735.0,82763,,i.imgur.com,'',6rksr6
Get the elderly off the road!,Jacobone,1531963427.0,82756,,v.redd.it,'',901e1w
Christmas gift from my loving friend,dis_ABLED,1514209235.0,82691,,i.imgur.com,'',7m1ec3
Goal!!!!,Capgunkid,1529120002.0,82672,,i.imgur.com,'',8rgrr6
Neighborhood... what?,IWasSurprisedToo,1504889232.0,82600,,i.redd.it,'',6yvyx3
‚ÄúBet we can beat you at hide and seek Uncle David!‚Äù Bet you fuckin‚Äô can‚Äôt.,dropkickderby,1530273510.0,82131,,imgur.com,'',8usk3r
I told my son if he let me shoot his tooth out I'd upload it to the internet. Disclaimer it was wobbly beforehand I don't just shoot his teeth out for fun.,GWYN554,1530018440.0,81259,,v.redd.it,'',8tzuqk
This girl at the gas station behind me - Should I tell her the evidence she got busy last night is on her hood???,SuperDuper_88,1504202233.0,81231,,i.redd.it,'',6x8hy2
A random stranger came up to my girlfriend and I to show us the photo she took of us.,theworstsailor1,1530884010.0,81178,,i.redd.it,'',8wk3ob
"Google now has an ""Ad knew too much"" option when reporting an ad.",ultimatemanan97,1506432477.0,81017,,i.redd.it,'',72kbnn
Recording a song and your momma comes in,sil130,1513852228.0,80987,,gfycat.com,'',7l8ncz
"Making my way downtown, walking fast...",Peach-e-Keen,1503477494.0,80979,,i.imgur.com,'',6vhne5
Thank you unsung hero for paying it forward,redgrrr,1519663609.0,80896,,i.redd.it,'',80ee8v
Reason #82 why dad's shouldn't be left alone with their kids.,mikerockitjones,1530720714.0,80747,,i.redd.it,'',8w2sth
Dad just being Dad.,Plebsplease,1532623861.0,80679,,gfycat.com,'',923yiu
"After sixteen years of driving past this sign, it finally happened.",bemyantimatter,1511613226.0,80311,,i.redd.it,'',7fexw6
Your soda bottle and mermaid were pretty damn good. How about my donut?,CanoeGuru,1507330729.0,80249,,imgur.com,'',74r9bi
It is the third day since Oregonians have started pumping their own gas,askim35,1515111924.0,80241,,i.redd.it,'',7o78xa
"""What have I done?""",namraka,1511792101.0,79913,,gfycat.com,'',7fvfjn
Boys will be boys.,Plebsplease,1532555709.0,79636,,i.imgur.com,'',91w9qx
"Found this post it on my car this mormomg, Glad to see my neighbors aren't raising oblivious little assholes",CrumbyCowboy,1508969260.0,79515,,i.redd.it,'',78r5t9
I'm at the same office as the friend in at the DMV,ub52107,1509490312.0,79478,,i.redd.it,'',79zju3
I come into the living room to see my wife in her wedding dress...watching the royal wedding.,BlackFeign,1526870583.0,79372,,i.redd.it,'',8kxmk3
Keanu‚Äôs Hollywood Scandal,melsiozon1,1510481076.0,79208,,i.redd.it,'',7cenf1
Fan got a 1 year ban from the stadium so decides to rent a crane to watch the game,PepeTheMemeFrog,1524987779.0,79028,,imgur.com,'',8fpzg8
An expert on popping bottles,D5R,1514814395.0,79011,,gfycat.com,'',7nf75i
Typical cat,,1523987486.0,78916,,i.redd.it,'',8cyitf
I found him in the middle of Missouri!,rasicn,1514510931.0,78904,,imgur.com,'',7mr1xs
Happy Thanksgiving!,austinll,1511451432.0,78640,,imgur.com,'',7f0dkp
Hilarious shirt my son received,ao_88,1514295033.0,78634,,i.redd.it,'',7m7rlt
On the train on the way home from Oktoberfest.,cxrry,1507410341.0,78534,,i.redd.it,'',74xhev
Thailand trolled again. CPR Instructions next to the hotel pool. They haven't the slightest clue...,daveylovesMN,1518138426.0,78479,,i.redd.it,'',7w9ssy
Time Person of the Year - Netflix Skip Intro,mcfumunda,1513106925.0,78409,,i.redd.it,'',7jd8nw
CTRL + ALT + DEL,comicswithak,1529327166.0,78401,,i.redd.it,'',8rzckr
My cat Furgus. He also doubles up as a step.,ST86X,1530306479.0,78309,,i.redd.it,'',8uwp0l
I've come to a confusing 4th of July party......,Hauserdontpreach,1530738839.0,78238,,i.redd.it,'',8w52ro
Man gets boat taken away by homeowners association.,Rolloverbeethoven93,1526345940.0,78190,,v.redd.it,'',8jhhtc
Mom ain't got time for shenanigans,Pickle086,1519645026.0,78090,,i.imgur.com,'',80ceqa
Didn‚Äôt notice until after I stole the pen. Good work Jerry.,dam_b_ver,1526593227.0,78057,,i.redd.it,'',8k80cr
*beep beep* dats da sound of da police.... *beep beep*,attheisstt,1502202081.0,78035,,i.imgur.com,'',6sdsc0
Sometimes the caption makes all the difference,Totally_Bradical,1507635612.0,78010,,imgur.com,'',75ggjx
My cousins dog had a cone for a while...he sent me this,whovian_lew13,1529173856.0,77951,,i.redd.it,'',8rl9y5
My morning was pretty shitty until I saw...,thecavedog,1514304483.0,77936,,i.redd.it,'',7m8ji3
Do I look like a fan of this crap???,philipsea,1523943135.0,77884,,v.redd.it,'',8cu89d
"I‚Äôm American, and a tweet that I sent out was featured in an Australian Newspaper, who thought I was English",rwsmith101,1524619516.0,77678,,i.redd.it,'',8eprvq
Presenting Exhibit A,phitter72,1530034459.0,77648,,i.redd.it,'',8u1yx5
"Target doesn't staple some, they staple all of them",JBSConCarne,1520103025.0,77609,,i.redd.it,'',81s3n5
I snuck in to a Volcom release party by wearing a grocery store receipt,MCmevin,1507575502.0,77540,,i.redd.it,'',75baq9
A harmless prank,pkksmt,1520549551.0,77441,,i.imgur.com,'',831tq4
Prevent Carpal Tunnel,obviousplant,1513621444.0,77416,,i.redd.it,'',7kn24f
This is the real Bermuda Triangle,qball43,1502066617.0,77229,,i.redd.it,'',6s2677
kaaBOOOM!,Scooby303,1504290831.0,77201,,i.imgur.com,'',6xghw8
My gf ordered ‚ÄúA side of fries‚Äù with a southern accent,ScoobySoup30,1530208866.0,77097,,i.redd.it,'',8ulvpj
"On a recent trip to Taipei, a friend captured this in the security line...",trollbob,1522720499.0,77093,,i.imgur.com,'',897ha8
First image leak of VW's self-driving car,7he404guy,1521286266.0,76991,,imgur.com,'',8536qs
"No.....that's my mom, that's my mom.....",Sd3jabehebert,1510398031.0,76933,,i.imgur.com,'',7c7tzb
My wife gave me this Bob Ross book. This photo was inside.. ..,tamplife,1525494018.0,76812,,i.redd.it,'',8h565m
Thanks to all who helped without having to be shamed into it.,2afault,1504149551.0,76752,,i.redd.it,'',6x4e5g
This guy won Jeopardy today with $1.,tonyjefferson,1508291009.0,76384,,m.imgur.com,'',773e9f
How to be funny in a job interview,johnwick76,1518708226.0,76321,,i.redd.it,'',7xr1gm
"Burger King used ""It"" to throw major shade at McDonalds.",cynical_sonofabitch,1507209975.0,76326,,i.redd.it,'',74fxft
Important sign seen at the San Francisco Pride Parade today,EvTheSmev,1529867963.0,76165,,imgur.com,'',8tk4w3
A professional nonetheless.,XbOx_WaS_ShUt_DoWn,1531836856.0,76131,,v.redd.it,'',8zlgz7
Sometimes when you take a chance...,garistroll,1507989612.0,76113,,i.redd.it,'',76c8t3
Doing 10k tomorrow super bowl run as Alan from hangover. Think I nailed it?,adonisgq1,1517710904.0,75928,,i.redd.it,'',7v3zfb
When the name fits.,TheDudeAbides420,1512572589.0,75913,,image.prntscr.com,'',7hyl3q
Kim k forgets her baby,jeenamungles,1527871027.0,75875,,v.redd.it,'',8ntcdf
Some dogs are more disciplined than others,RespectMyAuthoriteh,1524097739.0,75713,,gfycat.com,'',8dalmv
Cheating the claw machine,Mullacz7,1523894328.0,75695,,v.redd.it,'',8col7y
Being neighbors doesn‚Äôt make you friends,Whitlow14,1523229155.0,75606,,i.imgur.com,'',8atwtm
Sign I made for my dad on Father‚Äôs Day.,TheSuppishOne,1515259715.0,75479,,i.redd.it,'',7okjj7
Guess which socially awkward dog is mine at doggy day care...,Reprah689,1530055793.0,75460,,v.redd.it,'',8u4rmr
Rate my progress in art,beardynolando,1509797306.0,75433,,i.redd.it,'',7aq9wi
This review sold the watch,BlakeTrombone,1506033297.0,75420,,i.redd.it,'',71msvc
How I like to imagine Reddit bans go down.,iWasHereMomentsAgo,1525838656.0,75380,,i.imgur.com,'',8i33ce
Celebrating too soon,D5R,1508678695.0,75302,,imgur.com,'',78068n
Woman Gets Pulled Over by 'Officer Dreamy',Thund3rbolt,1519411383.0,75248,,i.imgur.com,'',7zqcrb
This endcap at the store today,t_bex,1526399958.0,75211,,i.redd.it,'',8jmp8n
too easy mac,sellyourcomputer,1525464754.0,75209,Verified,i.redd.it,'',8h287i
My son did not enjoy this book. 0/10. Do not recommend.,amnhanley,1508609680.0,75064,,i.redd.it,'',77v094
Are we there yet?,Goem425,1521324415.0,74957,,i.redd.it,'',85729m
Drove right past the park and he instantly knew he was going to the Vet.,firesprinklerman,1522430214.0,74942,,i.redd.it,'',88c04v
Save the hopeless üòÇ üòÇ üòÇ,mtlvegeta,1517834343.0,74859,,i.redd.it,'',7vehfc
Thug life,OvidPerl,1521641816.0,74789,,i.redd.it,'',862ee9
Seems like a legit form of measurement,pbj831,1527285080.0,74692,,i.redd.it,'',8m5fxh
The Stress Is Getting To Him,DoubleclickEB,1506725625.0,74687,,i.redd.it,'',73be3e
My mother made a Facebook account and this was her first message to me:,Safferso,1505390204.0,74630,,i.redd.it,'',701qih
Pepe Le Pew fired from Warner Bros Amid Alleged Sexual Harassment Allegations,ohwhatj,1512747612.0,74596,,i.redd.it,'',7ifq3x
Watching people attempt to view the eclipse ended up being more entertaining than the eclipse itself.,aBowlofSpaghetti,1503359651.0,74569,,imgur.com,'',6v75o8
Service adviser wrote word for word what the customer said,gstfs,1509979147.0,74440,,i.reddituploads.com,'',7b5ies
"My brother crashed his bike. When I asked what happened, he sent me this:",bucolucas,1529339572.0,74403,,i.redd.it,'',8s0w55
Bro...that‚Äôs see through.,Plebsplease,1531148631.0,74370,,gfycat.com,'',8xcg2j
Cheating,02grimreaper,1528376851.0,74283,,i.redd.it,'',8pa5id
Spotted in my hometown.,cuntesticles,1514077682.0,74142,,imgur.com,'',7lsbpb
An Eye for I,ChefBS,1507584902.0,74135,,i.redd.it,'',75ce2o
Face Recognition (OC),imthebirdguy,1505483918.0,74013,,i.redd.it,'',709zox
My boyfriend‚Äôs aunt commissioned her coworker to do a family portrait for her mother. 6 months & $50 later... worth it.,subliminal_ads,1526493430.0,73918,,i.redd.it,'',8jx0vm
An invisible obstacle,Le_Fonque,1516264414.0,73875,,i.redd.it,'',7r8d0p
On the catwalk...,natsdorf,1512103308.0,73840,,i.imgur.com,'',7gsnkq
All adoption profiles should be like this,ThisIsWhatImHereFor,1523113371.0,73620,,i.redd.it,'',8ailel
Don't fuck with the IT guy who hasn't seen the finale of GOT,Nyrfan82,1503931138.0,73603,,imgur.com,'',6wjs8y
Chris Pratt with his son dressed up for Halloween,FordBeWithYou,1509584319.0,73587,,i.redd.it,'',7a831r
A note left on the coaster of a local brew pub.,neodawg,1520194104.0,73580,,i.redd.it,'',8205ri
Lift off!,UncleUdink,1517250255.0,73567,,i.redd.it,'',7tubvl
That's one way to have fun at work,D5R,1508870298.0,73451,,imgur.com,'',78hsun
Pub's Hilarious Sign For Its Neighbours,LAKERS4EVER2010,1532835416.0,73469,,i.imgur.com,'',92rzj9
Spanish moms are crazy.....but great.,Bababooey_100,1530501216.0,73373,,v.redd.it,'',8vffiu
Dinner time in Mexico can escalate quickly,malleeman,1532189234.0,73364,,v.redd.it,'',90qcjz
Rate my professor at its finest,twitchyfoo95,1526449578.0,73240,,i.redd.it,'',8jsl3j
Funny way of animal exhibit being worked on at Zoo,AidenR20,1527954742.0,73205,,i.redd.it,'',8o1gmi
A good sense of humor,TaipanTacos,1523202680.0,73171,,i.redd.it,'',8aqs4u
The likeness is uncanny,RumpiratenDK,1531821810.0,73043,,i.imgur.com,'',8zjunj
This is the most likely scenario,geekyspacegirl420,1527249175.0,72988,,i.redd.it,'',8m156m
"Oh you are in the orchestra, what do you play? THE MOTHERFUCKING HAMMER!!!",Whoop-dee-fucking-do,1512510124.0,72940,,v.redd.it,'',7ht1qo
Dave Bautista has achieved full Drax.,xTRMED1,1527525913.0,72840,,i.imgur.com,'',8mrge0
Hide the sausage in the bush,cyan1618,1522946241.0,72781,,i.imgur.com,'',8a18id
Our professor wears his hat and cape every time he conducts an experiment,DealSupreme,1524604461.0,72715,,i.redd.it,'',8eo177
Prince William. It's all about point of view.,foka86,1524827035.0,72650,,i.redd.it,'',8fasep
He's too proud to be caught begging for food,D5R,1513446409.0,72607,,gfycat.com,'',7k8cit
ABORT ABORT ABORT.,PM_ME_STEAM_K3YS,1510334792.0,72534,,gfycat.com,'',7c2j7e
Crossover,Raqped,1521058755.0,72437,,v.redd.it,'',84gkuf
Manual turbo,Obito_GF,1525140297.0,72400,,i.imgur.com,'',8g4yzb
Pic of two plump pigeons perched on the ledge but ended up getting a picture of two massive pigeons looking for their car.,TastyTalk,1520312900.0,72364,,i.imgur.com,'',82ckwf
Best Fish Company Ever,SJBradleyNY,1521927045.0,72320,,i.redd.it,'',86w5oo
"$1500 Swiss Army knife, reviews are the best",iam_nobody,1512584165.0,72267,,i.imgur.com,'',7hzxyp
Intel CEO sold $24m of his shares before a serious design flaw was made public. This is their proposed new sticker,2evil,1515070090.0,72256,,i.redd.it,'',7o2r32
How Not To Get Shot In Milwaukee,MegaGrimer,1528652530.0,72227,,i.redd.it,'',8q2fbd
Nanny State,AtticusWolfstein,1512662109.0,71896,,imgur.com,'',7i7cm5
"Further proof toddlers are just tiny, drunk adults",Glori94,1514753473.0,71848,,i.imgur.com,'',7nawwa
Bad bunny,FearmyBeard21,1522507552.0,71831,,imgur.com,'',88j2ih
I carved the scariest pumpkin I could imagine.,fordr015,1508730003.0,71824,,imgur.com,'',7855zw
"I mean, it's true",justaredditboy,1518753602.0,71789,,i.redd.it,'',7xw6ik
If I fits...,lessons_learnt,1519078683.0,71712,,i.imgur.com,'',7yqqal
You know you‚Äôre in for a good night..,Kieran113,1524580984.0,71658,,v.redd.it,'',8ekx4d
"Contrary to popular belief, millenials can still afford to buy homes",GeneReddit123,1509000202.0,71654,,i.redd.it,'',78tu7j
When They Say : You're Too Young To Be Tired!,FuuuOrDie,1517646870.0,71564,,i.imgur.com,'',7uy8hq
Shout out to my brother for replacing a picture of Jesus at my parent's house with a picture of Obi-Wan Kenobi as portrayed by Ewan McGregor. Three months and counting without them noticing.,A-ladder-named-chaos,1505958757.0,71541,,i.redd.it,'',71fzpo
Now that's a real man!!!,Ixz72,1502814957.0,71512,,i.redd.it,'',6tvaso
The Definition of Fear,MinimalResults,1502147808.0,71512,,gfycat.com,'',6s9gaz
Keep the rules consistent,MrSnoutfair,1510800705.0,71459,,i.redd.it,'',7d9g0y
Finally some recognition.,UncleMajik,1518646500.0,71355,,i.redd.it,'',7xlte7
This what religion SHOULD be,Lycurgus_Lawgiver,1510224908.0,71196,,i.imgur.com,'',7bslty
Finally finished the Christmas decorations!,savage_irony,1510836023.0,71082,,i.redd.it,'',7dc49s
I love Adam's twisted sense of humor.,zekikout,1509162198.0,71060,,i.imgur.com,'',798286
Some Sikh Halloween costumes,Flintor,1509501368.0,71030,,i.redd.it,'',7a0mxs
How to properly clean your cat's litterbox.,BeliefInAll,1505330435.0,70874,,i.imgur.com,'',6zwuzj
These Simpsons predictions are getting out of hand.,greg_focker,1518311762.0,70830,,i.imgur.com,'',7wpqa3
Just bought a selfie stick,SxRivenGod,1510182787.0,70794,,i.redd.it,'',7bp8mm
Crazy Olympics,JF_112,1503776451.0,70769,,i.imgur.com,'',6w7mzv
Tf is Robert Downey Jr's dog doing,Blunt_Machette,1517488228.0,70759,,i.redd.it,'',7uieq2
Our cat is very confused with our new picture.,Jetsetter_,1504803055.0,70702,,i.redd.it,'',6yogl2
"4 years ago my cousin moved from Madison, WI to Raleigh, NC and made the track team",Stevendanvh,1524868979.0,70540,,i.redd.it,'',8ffnyh
Why can't you just be normal?,Truman639,1516239829.0,70526,,imgur.com,'',7r67x5
Italian pasta brand advertisement in honor of Simpsons 30th season,Zioropa,1524215290.0,70500,,i.redd.it,'',8dm7q8
‚ÄúI‚Äôm gonna... oh...‚Äù,NotAMinecrafter,1520130318.0,70278,,i.imgur.com,'',81ux4y
Soccer player gets bamboozled by little kid,Milonade,1508850895.0,70076,,i.imgur.com,'',78fn6g
I recognize him from somewhere..,flobotad,1505860436.0,70059,,i.imgur.com,'',716pyi
When you don't have a suit but need one.,urs_sarcastically,1508344992.0,70056,,i.imgur.com,'',777ts1
We had a sudden burst of rain.,maeking,1507548755.0,70042,,i.redd.it,'',758git
Faceswap,deftonesdid911,1521496047.0,69976,,i.imgur.com,'',85ndga
Welcome to Britain,custard_clean,1501938473.0,69829,,i.redd.it,'',6rrnmh
This balloon animal guarantee,atomicpete,1504526888.0,69812,,i.redd.it,'',6xzxto
Here is proof of just how patient my boyfriend is to help me nail my increasingly basic goals,ackerjack,1508230182.0,69776,,i.redd.it,'',76xa7f
I bought a roll of these. Day 1 of 500.,MisallocatedRacism,1532744152.0,69805,,i.imgur.com,'',92ime7
Mr. Bean (Pakistan version) is like a fat version of original.,charomega,1525336217.0,69601,,v.redd.it,'',8goue1
My daughter is fighting the man with dignity and grace... I've never been more proud.,ezwriter73,1505788035.0,69610,,imgur.com,'',70zzbx
Hot coffee,D5R,1504874054.0,69548,,i.imgur.com,'',6yugxn
When your jedi training finally pays off,ZELiM26,1523003033.0,69537,,v.redd.it,'',8a7uqs
The difference between girls and boys,SlimJones123,1526042281.0,69434,,gfycat.com,'',8ineiz
Who loves to learn?,,1503516603.0,69398,,i.redd.it,'',6vldje
There's a penis carved into the beach in Bing's background image.,velocipenis,1502960530.0,69355,,i.imgur.com,'',6u8r2b
Slowest strike in the history of bowling üé≥,before10pm,1519764891.0,69266,,v.redd.it,'',80q0cj
Griff!,extramediumjohn,1511984664.0,69106,,imgur.com,'',7gg1k0
How to kill your kid without really trying.,OyVeyzMeir,1532804640.0,69152,,imgur.com,'',92ojv1
"2 steps into walking down the aisle. He said 'Goddamit Jeri, did my pants just fall down?'",ufjeff,1501770035.0,69004,,i.imgur.com,'',6rclfi
"Undo, undo, undo!",DannyAng,1519923436.0,68844,,gfycat.com,'',816qbx
Redditors who browse new.,Robsdarknob,1518483012.0,68826,,imgur.com,'',7x5l0y
My short mom sends our family photos of her with really tall people,gusmom,1521985914.0,68770,,i.redd.it,'',870san
My friend just returned from a 7 month deployment. This guy had my favorite sign in the crowd of friends and family.,soggydave2113,1503180578.0,68673,,i.redd.it,'',6urxrm
Dildo Dynamics,AlexHofmann,1509729083.0,68463,,v.redd.it,'',7akslc
When your travel pillow makes you look like Shakespeare,Mopninja,1530994755.0,68473,,i.redd.it,'',8ww148
Waait for it,Honusbonus10,1513289904.0,68413,,i.imgur.com,'',7jv7q2
Kevin Spacey's reputation...,TheGangMakesaPodcast,1509894162.0,68403,,i.redd.it,'',7ay0mc
I think there‚Äôs more than 16 volumes for me...,420-Neal-It,1517070858.0,68361,,i.redd.it,'',7tdp5w
"But shit, it was 99¬¢",Doty152,1526731487.0,68231,,i.imgur.com,'',8kkui0
Here's a dollar for your honesty sir,GirthInPants,1504626299.0,68161,,i.redd.it,'',6y8tln
Excellent Dad-ing,JF_112,1502719577.0,68115,,i.imgur.com,'',6tmm9v
Look again.,shyggar,1526735567.0,68093,,i.redd.it,'',8kl6kw
Creepy... But I am enticed...,outatyme85,1507147675.0,68001,,i.redd.it,'',74at2n
I think Youtube overestimated my income,infernoid,1512674616.0,67981,,i.redd.it,'',7i8x64
This sign at my gym,nik_tha_greek,1522774470.0,67870,,i.redd.it,'',89fvkn
Saw this on my way home from work...,Bpoldberg,1505245507.0,67750,,i.redd.it,'',6zpdfc
"Mom, can I have this apple? -That's not an an apple! That's an onion! -No it's not! -Alright, If you insist.. (When you rather die than admitting an error)",harryreece100,1517345650.0,67743,,v.redd.it,'',7u47yf
Desperate times,Dr-Pepper-Phd,1532136057.0,67749,,imgur.com,'',90llof
My blind dog when he gets exited,pkmckirtap,1525639257.0,67716,,v.redd.it,'',8hi3r7
I Want...,lascamp,1532659880.0,67753,,i.imgur.com,'',928t63
My friend‚Äôs cat saw snow for the first time today.,dax268,1512794015.0,67697,,i.redd.it,'',7ikob3
"Clippy! Is that you, old friend?",DragonCz,1532780725.0,67741,,i.imgur.com,'',92lr5d
My husband always got colored pencils for his birthday and Christmas growing up and he hates them cause he‚Äôs colorblind. He‚Äôs wanted an iPhone forever so today I bought him one and this is how I wrapped it.,jabberingginger,1513041237.0,67331,,i.redd.it,'',7j70po
Someone finally figured it out...,,1504054694.0,67304,,i.imgur.com,'',6wvp2h
Advice I can follow,JohnGalt69ing,1523552309.0,67194,,i.redd.it,'',8brqcq
nice tattoo save,petitbleuchien,1520983185.0,67154,,i.imgur.com,'',848pin
Gloryhole Mayweather,goatsespecialist,1503807653.0,67106,,imgur.com,'',6waair
This is the kind of love I want,butmoreso,1516389914.0,67087,,i.redd.it,'',7rksqc
When you try to make peppermint swirl soap and it comes out looking like raw meat.,eeyore134,1510277056.0,67075,,i.imgur.com,'',7bxwy9
The coffee maker at my office was out of order,gem_bug,1509220952.0,67018,,i.redd.it,'',79c8ut
if he can do it...,magikarpcatcher,1523054039.0,66846,,i.imgur.com,'',8adq26
Caught in the act!,BasX,1531796975.0,66833,,gfycat.com,'',8zhl7q
Nom nom,JayGusty,1518273545.0,66743,,v.redd.it,'',7wlr5a
Mother of Dragons,dennisrieves,1502643635.0,66711,,i.imgur.com,'',6tg8kb
Double standards.,zlata_russia,1519489427.0,66689,,i.redd.it,'',7zxl6j
720P vs 4K,arthritictongue,1509137801.0,66629,,i.redd.it,'',79601m
I accidentally left my bike ride tracker on for part of a delta flight,caschrock,1532359323.0,66559,,i.redd.it,'',917yj2
"Honestly, it's life advice",misyo,1528891104.0,66510,,i.imgur.com,'',8qruau
"""Can you make this more romantic?""",mike_pants,1506699826.0,66484,,i.imgur.com,'',738n0m
"You win some, you lose some...",namraka,1523544014.0,66471,,gfycat.com,'',8bqngw
"Saw this cat fueling up off of the Interstate. They've clearly got the essentials, and are not looking back.",GirthyBurritos,1502600321.0,66427,,i.redd.it,'',6tdbs6
Black panther,Raihandm,1526142777.0,66420,,i.redd.it,'',8ix5le
8-ball,jungle-boogie,1505221197.0,66334,Verified,i.redd.it,'',6zms7p
"I'm not normally good at this DIY stuff, but this one came out just like the one on the box!",ronlechler,1503543001.0,66295,,i.redd.it,'',6vo1de
The cafe where I work got broken into. The thief was greeted by this note I left inside the register.,LemonLimeTart,1521520004.0,66297,,i.redd.it,'',85q168
My sweet innocent mother got my sister a thermos with her initials monogramed on it for Christmas.,Snowy_Boy,1514220295.0,66272,,i.redd.it,'',7m286y
A group of Mexican fans came to Russia with a cardboard photo of the friend whose wife didn‚Äôt let him go ü§£ü§£,sidx64,1529326161.0,66158,,i.redd.it,'',8rz8lq
Why can‚Äôt I do that?,lambananaa,1520528454.0,66142,,v.redd.it,'',82z0tb
good friends,TTudor_,1530880275.0,66131,,v.redd.it,'',8wjon6
A friend left her dog at home and came back to this. Oreo apparently found a bag of charcoal and played with it.,iamsecondtonone,1520938896.0,66118,,i.redd.it,'',843a8j
Crossfit at its finest,zslayer89,1521829502.0,65994,,gfycat.com,'',86mw9f
Sneaky Pete,ferji,1516367580.0,65792,Verified,i.redd.it,'',7ri7l1
Rocking dat ass.,maltaa,1506251600.0,65771,,i.imgur.com,'',724hka
Sexual Harassment in the Workplace,Thund3rbolt,1531585575.0,65679,,i.imgur.com,'',8yufuu
Your porn is safe from now on.,IateAutumn99,1522819224.0,65599,,i.redd.it,'',89mokh
It is concerning when Zuckerbots wax figure looks more human than he does.,nigelwhistlenose,1523540834.0,65569,,i.redd.it,'',8bq9kb
Santa wrapped them,Jackson530,1512640207.0,65561,,i.redd.it,'',7i5d8q
Ha! Karma!,TurtleTales17,1504747658.0,65431,,i.redd.it,'',6yk1z7
USA #1 in education,SainteDeus,1508154638.0,65362,,i.redd.it,'',76py0q
Diving at its finest,cyan1618,1523577988.0,65261,,i.imgur.com,'',8buxxx
Secure and convenient,namraka,1507288956.0,65269,,gfycat.com,'',74mz4e
Enter player 3.,JTeezee88,1509093272.0,65255,,v.redd.it,'',791zao
This was a funny video to start off my day.,A_Orlando,1518096782.0,65180,,v.redd.it,'',7w4sfb
This was in my dentist's waiting room.,kiffmeizter,1506290211.0,65177,,i.redd.it,'',7284fw
De-evolution of my will to live,Czareen,1516062390.0,65178,,i.redd.it,'',7qoe21
I didn't know Pampers make diapers for Canadian babies,PurestVideos,1514132801.0,65130,,i.redd.it,'',7lvyf8
Thanks Irma!,TheRandomDreamer,1504849420.0,65092,,i.redd.it,'',6ysw9v
Bon Jovi gives terrible gifts,murbul,1516018553.0,65064,,i.redd.it,'',7qjbn8
Sleeping Beauty reboot.,toonhole,1511886722.0,64958,Verified,i.imgur.com,'',7g5cd6
Quality German Parking Sensors,Bjharris1993,1531485541.0,64944,,v.redd.it,'',8yjm1v
Wholesome mistake.,DyslexicAlcOaHoliC,1523233535.0,64886,,v.redd.it,'',8audfg
I discovered I can write messages in my girlfriends new blanket.,Obeythegroove,1520009774.0,64825,,imgur.com,'',81fo71
Breaks are for bitches -Grandpa,Chirierim,1529613103.0,64749,,i.imgur.com,'',8sva74
When you encounter a level 99 New Yorker,swordswench,1504534360.0,64729,,i.redd.it,'',6y0jc4
"Damn it, Neymar",hgggg1,1530282147.0,64590,,i.imgur.com,'',8utiar
I introduced my wife to reddit today. She has become useless...,blueeyzcal,1520213117.0,64468,,i.redd.it,'',822auv
Excited for the olympics??,henryharp,1517921193.0,64457,,i.imgur.com,'',7vn2yz
New hi-score,Nibbink,1512771114.0,64411,Verified,i.redd.it,'',7iifli
Watching a horror movie with a beauty app filter,,1517462593.0,64406,,i.imgur.com,'',7ugi7m
not mine but had to share!,PigDestroyz,1529850356.0,64385,,i.redd.it,'',8ti4gk
Living with your girlfriend..,,1503216884.0,64247,,i.imgur.com,'',6uumz4
Monks with ‚Äúnirvana‚Äù merchandise,inteleligent,1531267844.0,64240,,i.redd.it,'',8xuqr9
Good one,camskylex,1509959406.0,64194,,i.redd.it,'',7b41hh
"Fuck you, I'm a Giraffe",apinanaivot,1520351483.0,64165,,i.imgur.com,'',82g1cd
this review,publius-varus,1517491499.0,64156,,i.redd.it,'',7uip8j
That's why women live longer than Men.,cinephile46,1525636133.0,64135,,v.redd.it,'',8hhqse
Wanna get high??,JoshFack,1522795491.0,64091,,v.redd.it,'',89jkhz
"""You gotta be quicker than that""",sgderp87,1502116828.0,64072,,i.imgur.com,'',6s5xka
My nephews hit their heads on same spot.,Sacrer,1503854037.0,64047,,i.redd.it,'',6wdde9
No fucking clue,raghavk180,1529213880.0,64034,,i.imgur.com,'',8rp3m5
Twins dancing at the rockets game,Kartingf1Fan,1517284116.0,63981,,i.imgur.com,'',7ty8up
My pregnant wife is practicing her swaddling. Skittles isn't a fan.,turnbased,1512346471.0,63598,,imgur.com,'',7hdk4k
"""wha... what? OH HOLY FUCKING SHIT HUMANS """,thepopoye,1515332868.0,63536,,imgur.com,'',7oqmu5
My 9 year old daughter thought she was funny. Made me some Brownies for Father's Day.,str8emulated,1529289909.0,63460,,imgur.com,'',8rw60b
Super Star Mode,dakinebeerguy,1509414605.0,63408,,v.redd.it,'',79sjx3
"My poker face was good, but...",Jgprather96,1514140011.0,63393,,v.redd.it,'',7lwmq6
Looking forward to Cars 4 with Lightning McMeth,ufmystic,1525279907.0,63333,,i.redd.it,'',8gix3c
Came across some EA arcade cabinets,TheWafflerOG,1510692637.0,63331,,i.redd.it,'',7cyoiy
"While trying on a pair of wrap pants that I'm halfway through making, I noticed...a flower...on my vagina. Pattern placement problems are real.",SewWhatIsThis,1532265652.0,63318,,i.redd.it,'',90xp3o
"Car drove this through brick fence, neighbor put this out",SCPulse,1516489638.0,63138,,i.redd.it,'',7rtv42
"""Oh shoot, better look busy!""",natsdorf,1507512339.0,63128,,i.imgur.com,'',755uw6
My dog got a little excited when I arrived home for the holidays,-GremlinDVa-,1514375020.0,63112,,i.redd.it,'',7mekhr
A bear and a man sit down next to a river...,rusy,1518710452.0,62924,,i.imgur.com,'',7xraeq
Provide him with toilet paper,thetrueshit,1509899859.0,62912,,i.redd.it,'',7aykwe
Accidental X-Men cosplay team,Casyn,1518078009.0,62903,,i.redd.it,'',7w3ecq
The all-American element of surprise,trwwy321,1514821830.0,62822,,i.redd.it,'',7nfqjx
19 year old coworker drove Power Wheels to work. That‚Äôs a car battery on the hood.,phuckinshite,1528761670.0,62812,,i.imgur.com,'',8qec6f
Ummm... wtf did I just walk in on?,briannebellaxo,1524187469.0,62767,,v.redd.it,'',8djwdx
Every year my boyfriend and his friends do a themed No Shave November picture. (x-posted r/beards),jammies,1512404003.0,62677,,i.redd.it,'',7hiap4
The Road is Lava,megalomaniac71,1502379277.0,62638,,i.redd.it,'',6su32o
My people need me!,Plebsplease,1531669928.0,62600,,gfycat.com,'',8z2mkr
Boss caught a chicken sleeping on the job.,jaycosmos,1512043259.0,62551,,v.redd.it,'',7glv03
"It's not medicine, it's Pepsi",bsurfn2day,1513584861.0,62541,,i.imgur.com,'',7kjxl9
A friend was wondering who kept taking things out of his lunch bag...so he set up a camera,wineandsarcasm,1531453874.0,62405,,v.redd.it,'',8ygojq
Guilty as charged,Palifaith,1531362711.0,62160,,i.imgur.com,'',8y5vy8
Not a method actor,namraka,1519230571.0,62088,,gfycat.com,'',7z6t9h
Slinkies make the best anti-squirrel security devices,EinsteinsAura,1505750979.0,62041,,i.imgur.com,'',70w0m6
My brother's Halloween Costume this year,max__emerson,1509269389.0,61951,,i.imgur.com,'',79fmsf
I think something is wrong with Amazon's subtitles,D-Rex475,1506883298.0,61694,,i.redd.it,'',73nfbs
This just happened on Jeopardy!,Drewcah,1517526348.0,61643,,v.redd.it,'',7umvms
*Patient slips Doctor a $20 bill*. ‚ÄúHow about u knock me out again!‚Äù,Stunning-and-Sublime,1528835636.0,61580,,i.redd.it,'',8qmdwf
This gets me every time I see it,tomee2,1530732229.0,61565,,i.redd.it,'',8w49cb
Who Called For A Good Boy?,bsurfn2day,1506471079.0,61457,,i.imgur.com,'',72oljl
I got your nose!,j0be,1527350495.0,61418,,v.redd.it,'',8mb2ov
It's as if it was meant to be,MobileTechGuy,1503051198.0,61394,,i.imgur.com,'',6ugwfv
Not all heroes wear capes,LordSneaux,1508775581.0,61347,,v.redd.it,'',788tye
Who the Hell are you?,dennisrieves,1505418488.0,61063,,i.imgur.com,'',704oac
saw this on the car infront of us...,tapyl,1503093669.0,61035,,i.redd.it,'',6ul56t
Man finds his true spirit animal,DeviantDivega,1502326164.0,60955,,i.redd.it,'',6spv5p
I'm single and I picked out my own shower curtain.,Danimal1,1511888722.0,60909,,imgur.com,'',7g5lhr
"Needless to say, she was not impressed.",TheTokeWizard,1517430121.0,60765,,v.redd.it,'',7ucww8
Lovely Day for Boats!,hoggle78,1526416421.0,60692,,v.redd.it,'',8jowuy
"Sound the sirens, boys.",3lectricisthelove,1521562031.0,60687,,i.redd.it,'',85tvqa
Hopefully no one reads this straight across from left to right like I did...,Apezdispenser,1503185886.0,60661,,i.redd.it,'',6useh0
Solid strategy,girthquake93,1502217086.0,60660,,i.redd.it,'',6sfh3q
Damn it Mittens,fossilmerrick,1513682698.0,60639,,i.redd.it,'',7ksopm
I laid a concrete foundation for a shed today and left a surprise for any future homeowners who decide to tear it up.,DJBeefalo,1511140101.0,60608,,i.redd.it,'',7e53pk
Totally misjudged that.,roberthunicorn,1506784668.0,60567,,giant.gfycat.com,'',73fgby
My brother decorated his fridge for the holidays.,dn151864,1514849214.0,60492,,i.redd.it,'',7nigfm
"""Where are you right now?"" ""Work"" ""Then why the f do I see you on TV""",sil130,1509760927.0,60492,,gfycat.com,'',7ao0wu
I am certain that dogs behave diffrently when humans are not around,p4rim,1511824640.0,60459,,v.redd.it,'',7fzfq5
Just another friendly traffic stop,Shibbalicious,1519745187.0,60381,,i.redd.it,'',80n8vu
Not all engineers have degrees....,jimkeele,1531571033.0,60338,,i.imgur.com,'',8yswgn
What.....?,I_am_the_great_one,1512232762.0,60299,,gfycat.com,'',7h3m51
Ran into old fam,Ketchup_for_dinner,1509404752.0,60248,,i.redd.it,'',79rik3
At my local pet food store.,Quimbysucks,1509660863.0,60168,,imgur.com,'',7af1ko
Sharing your opinion on reddit,rudelycorrectingyou,1506788195.0,60017,,v.redd.it,'',73fska
My niece got a candle making kit. Here is her first ‚Äúcandle.‚Äù,YeshuaSnow,1517407501.0,60002,,i.redd.it,'',7ua3ek
Brilliant.,grooxer,1517314226.0,59951,,v.redd.it,'',7u0ku9
When Crossfitters go to a regular gym,Z3F,1507649173.0,59937,,gfycat.com,'',75hrkj
The photo lab at my local Walmart,A_Mexican_IRL,1505281890.0,59866,,i.redd.it,'',6zspoi
The Disrespect,GuacamoleFanatic,1509830980.0,59838,,gfycat.com,'',7atfjf
Shocking prison secrets that no-one tells you.,eror_404,1516695084.0,59645,,v.redd.it,'',7scz5e
The college of pizza cardinals are standing vigil,Gunfighterzero,1531436930.0,59568,,i.redd.it,'',8yep2x
Saw this driving,ebichiyu1987,1511485915.0,59534,,i.redd.it,'',7f3ywc
just some casual NYC Subway reading..,djbildo,1519144721.0,59493,,i.redd.it,'',7yx9pf
"Seen in a toy store in Austin, TX",olliepots,1519512153.0,59417,,i.redd.it,'',8006f5
a sad man,bigdonkkk,1505133868.0,59405,,i.redd.it,'',6zf56f
Leeeeeroyyyyyy Jeeeenkinssssss!!!!!,FuckFloorLimit,1530112748.0,59398,,i.imgur.com,'',8uag9s
When you get the prime spot so the guy at the back has to propose by a bench,asjonesy99,1507977022.0,59368,,i.redd.it,'',76bdnr
First world problems in Iceland,burningmidnight,1520890802.0,59251,,i.redd.it,'',83yt5e
Custodian not to be fucked with,Jcarff,1528722626.0,59245,,i.imgur.com,'',8q9eon
My dad passed away in late October. This is what i found when i was going through his computer.,arcenicat,1512714662.0,59193,,i.redd.it,'',7id5xo
"I had this joke in my head all day and just had to get it out, I‚Äôm sorry.",ccasper03,1509057383.0,59184,,i.redd.it,'',78z67q
It's a gif about nothing,d-slam,1505538254.0,59057,,i.imgur.com,'',70f4y1
Jesus Bath Bomb,QuaaludeDreams,1513525801.0,58942,,gfycat.com,'',7keg7i
James Franco is still laughing at that joke Seth told him 15 years ago,demevalos,1502138245.0,58942,,i.imgur.com,'',6s8enf
Squad's back together.,GuacamoleFanatic,1505617402.0,58903,,i.imgur.com,'',70l7ei
British humor,Obito_GF,1501706632.0,58826,,i.imgur.com,'',6r76p3
Paul McCartney's new album could do with a catchier title.,khaggis,1511986504.0,58819,,i.redd.it,'',7ggair
The train is going to the Superbowl??! Wait for me,jeric13xd,1516591603.0,58814,,gfycat.com,'',7s2yzl
My friend just sent me this.,Aaron143574,1525026777.0,58730,,i.redd.it,'',8ft8ww
Brazilian soccer fans flying to Russia for the WK.,koningoliver,1529435481.0,58712,,v.redd.it,'',8sbk8v
This move's called the armadillo,Scaulbylausis,1515777854.0,58695,,i.imgur.com,'',7py3hg
"Right... so, that's called ""the price.""",perskul043,1505050016.0,58637,,i.imgur.com,'',6z87uu
My sister proudly showing off her first snow angel!,Michael_D_Higgins,1514254223.0,58548,,i.imgur.com,'',7m52dp
Choose your stylist,obviousplant,1503423432.0,58490,,i.redd.it,'',6vcncj
My daughter looks like she LIVES IN A VAN DOWN BY THE RIVER,jojocov,1517539880.0,58261,,i.redd.it,'',7uoaoc
"Gee, Thanks Kid!",Ge_Sto,1518518853.0,58256,,i.redd.it,'',7x8lih
A Japanese BBQ,Mnmsaregood,1527340658.0,58116,,i.redd.it,'',8ma359
Trying to surprise your girlfriend with a puppy,tycho_baggins,1516939025.0,58068,,v.redd.it,'',7t20xb
Hopefully you guys find my shirt as amusing as I do!,YungAvocadoDaGawd84,1521476931.0,58023,,i.redd.it,'',85ksdy
Sweden confirmed they actually have a sense of humor,cyan1618,1523381969.0,57959,,i.imgur.com,'',8b9lg0
Fighting the real fight,Realgirldiet,1503625989.0,57966,,i.redd.it,'',6vvisv
"Posted up in a coffee shop, the description is spot on",dahlidae,1531057381.0,57966,,i.redd.it,'',8x1iec
Wasted Time...,donthitsave,1517588410.0,57908,Verified,imgur.com,'',7use2h
Dolphins can be dicks too,Amcal,1532106748.0,57842,,v.redd.it,'',90htbh
Trolling Your Big Cat,bsurfn2day,1507751522.0,57796,,i.imgur.com,'',75rmrt
Man Shaves 1.7 Seconds Off 2-Hour Flight By Standing Up As Soon As Plane Lands,worldofsmut,1518742282.0,57746,,theshovel.com.au,'',7xv2ud
The current state of Reddit,schetst,1502561111.0,57736,,i.redd.it,'',6t9xgd
"True, isn't it?",_Dayun_,1531653511.0,57685,,i.redd.it,'',8z11os
Fan about to take the ceremonial first touch goes and scores for his team instead.,maltaa,1506489668.0,57673,,i.imgur.com,'',72q7u6
This is one man in a costume,Dingus-Maximus,1511570969.0,57649,,v.redd.it,'',7fbqsn
Perhaps my favorite scene from Doctor Who,donfelicedon2,1518723263.0,57626,,pm1.narvii.com,'',7xsvp3
This noodle‚Äôs bout to drop it hard,weberhed,1519445519.0,57530,,i.imgur.com,'',7zu7gg
Just hit up cvs for a cool new scarf and head band.,sarahmcalee,1501781788.0,57417,,i.redd.it,'',6rdyst
When you order something with same day shipping,CompileThisPlease,1532302774.0,57395,,v.redd.it,'',9125ul
Road Conditions,spencermoreland,1517575916.0,57380,Verified,i.imgur.com,'',7ur2ze
Bought a d20 waffle maker. Rolled a 1.,Woobally,1508089987.0,57352,,i.imgur.com,'',76kh2j
My college's anti-cheating pens are perfect for cheating.,deathfaith,1515521806.0,57346,,i.redd.it,'',7p8ztz
This sign in front of a bunch of Venus Flytrap.,Karl_DavidH,1523809201.0,57339,,i.redd.it,'',8cg6ka
I'm Ready,RuthenicCookie,1503769079.0,57348,,i.redd.it,'',6w6vu5
How hard did this paper boy throw this newspaper?,TheOrangeSpud,1504007511.0,57322,,i.redd.it,'',6wqpc6
The marketing folks at ALDI are gods.,manonthelam,1525102137.0,57307,,i.redd.it,'',8g0a91
[OC] There‚Äôs a new bike gang in town,SantorumSessions2020,1520778107.0,57261,,i.redd.it,'',83myrk
Russian rocket league,Fizzdar,1502427412.0,57163,,i.imgur.com,'',6syzqn
Wait for it,Thhvs,1514045020.0,57123,,v.redd.it,'',7lpbr4
Hi,Amberlynn585,1520113251.0,57079,,v.redd.it,'',81t7hf
Lucky Penny,AlfredJodokus,1524679504.0,56935,Verified,linsedition.files.wordpress.com,'',8evoj8
77% drop,chasedoesstuff,1516732958.0,56892,,i.redd.it,'',7sgljt
Master troll level 99.,MuadhnaitMuireann,1530968512.0,56822,,i.imgur.com,'',8wt04q
Oh,TreesInToronto,1504382386.0,56760,,imgur.com,'',6xojkv
The good news is the housing market is on the rebound.,MrCoffee17,1509453424.0,56745,,i.redd.it,'',79vfna
The onion getting cheeky today,Jedi_Q,1524777227.0,56667,,i.redd.it,'',8f687t
"Met this guy at Target today, he is 75.",JosCurt2,1506889930.0,56634,,imgur.com,'',73o3qd
Barber: What kinda cut you want? Dude: Ever seen the moon? Barber: Say no more..,doorbellguy,1509191026.0,56477,,i.redd.it,'',799ogj
He's been training for this moment for years,Tipex,1523104501.0,56403,,i.redd.it,'',8ahrk6
The daily 3PM struggle,comicswithak,1530102781.0,56387,,i.redd.it,'',8u986t
Most honest verizon rep ever?,Razormate,1511441537.0,56370,,i.imgur.com,'',7ezg88
Proof that the earth is round,Pengua1,1522446075.0,56263,,i.redd.it,'',88dzix
Winters are tough on slower people.,Flyingpigtx,1511223896.0,56229,,i.redd.it,'',7edm9w
American problems...,break_me_down,1505755079.0,56172,,i.imgur.com,'',70whjs
"""Infinity War is the most ambitious crossover event in history""",Nanto_Suichoken,1524921239.0,56171,,i.imgur.com,'',8fjt12
I would hire this man without hesitation,SandpaperThoughts,1503657694.0,56159,,i.imgur.com,'',6vxncx
Talented pooping cat,Mypholis,1529075184.0,56141,,i.redd.it,'',8rbn86
My friend‚Äôs kid did this to their pantry,nerdy_J,1529797623.0,56102,,i.redd.it,'',8tdxif
Sign guy 2020,101010109,1502728281.0,55997,,imgur.com,'',6tnkir
The Karate Gif,MrTechnohawk,1506622158.0,55976,,i.imgur.com,'',731x86
A store in Japan thought fuckin' was just American slang for really good,dontevenblink182,1513206205.0,55974,,i.redd.it,'',7jn8b6
Not her first time,Amcal,1524945802.0,55962,,v.redd.it,'',8fmd0u
"Just lean up your seat, guy",exactchange516,1505491683.0,55955,,i.redd.it,'',70athf
Surprise!,bsurfn2day,1510100194.0,55870,,i.imgur.com,'',7bhhrt
Made a hideout for my cats,Teharu,1520425994.0,55722,,i.redd.it,'',82nx6a
Tonight‚Äôs CVS receipt for a $4 purchase,5fourteye,1518579824.0,55716,,i.redd.it,'',7xf9bm
My night after work,Symmetry888,1527217758.0,55593,,i.redd.it,'',8lykod
"""Why yes, fireworks are illegal in Los Angeles. Why do you ask?""",bigpeeler,1530817762.0,55590,,v.redd.it,'',8wd5tf
How I imagine the Tesla being found in the future,pdxmichael,1518063120.0,55556,,imgur.com,'',7w27vt
"""She's been hogging that all day""",7heJoker,1502500240.0,55512,,gfycat.com,'',6t5k1s
Just Peachy,Broths,1532964597.0,56312,,i.redd.it,'',93519u
Nest Cam Catching a Suspicious Person at Home...,_youreAtowel,1532687623.0,55504,,v.redd.it,'',92be8o
Are you really going to make me wear that again?,SlimJones123,1525791661.0,55405,,gfycat.com,'',8hxcpv
Just 1 more kid,General___Reposti,1524508786.0,55358,,i.redd.it,'',8edt4m
My appendix burst and my brothers are wankers,roster07cock,1526922885.0,55259,,i.imgur.com,'',8l2i2e
"Employees of IKEA Furuset in Oslo, Norway posted this after they found out furs from IKEA were used in costumes in Game Of Thrones",Phunkstar,1502971895.0,55220,,imgur.com,'',6u9jeq
"I took grad photos with my boyfriend of the time, and after learning about our breakup, my aunt ‚Äúfixed‚Äù my photos.",paatiencew,1518028645.0,55164,,i.redd.it,'',7vy9uh
"Good call, Body Paint Company.",Anode_Lives,1509568499.0,55103,,i.redd.it,'',7a6dnh
Policeman loves prank,_em-en-em_,1512848158.0,55084,,v.redd.it,'',7ioua0
Give me back my fish!,SlimJones123,1506515341.0,55078,,gfycat.com,'',72rx7e
Just gonna harvest this last patch of corn...,natsdorf,1507565392.0,55023,,i.imgur.com,'',75a38i
Let's have a break.,lostproton,1519146555.0,54978,,v.redd.it,'',7yxiqs
"You need to step up your game, human!",Thund3rbolt,1527951202.0,54801,,i.imgur.com,'',8o0zrs
directions [OC],theycantalk,1525745074.0,54732,Verified,i.redd.it,'',8ht3nf
‚ÄúI think I‚Äôll flop‚Äù,EuphoriaSTL,1533002320.0,76482,,v.redd.it,'',93a29l
Abort! Abort!,mike_pants,1525702239.0,54489,,i.imgur.com,'',8hnrjq
Infinity War Begins.,cinephile46,1524483255.0,54458,,i.redd.it,'',8earkx
Checked ‚úîÔ∏è,bubbleman1789,1516897419.0,54376,,v.redd.it,'',7sx73o
My parasailing guides had a great sense of humor,christameff,1521481650.0,54319,,i.redd.it,'',85lfji
Safety First.,Egorwild1,1522528506.0,54318,,i.redd.it,'',88lgu8
Beard Attractiveness Graph.,Globalist_Nationlist,1507862666.0,54298,,i.imgur.com,'',761yjh
Who made this burger?,DrewDraioi,1522006040.0,54189,,v.redd.it,'',87312r
EA is sinking to depths previously only theorized,CamTroid,1510612462.0,54168,,i.redd.it,'',7cqxdn
Too soon? Nah,TheEliteSpectre,1506617176.0,54165,,i.redd.it,'',731cq0
What just happened?,OnePunchSenpai,1518782720.0,54097,,gfycat.com,'',7xyak3
Pen Pal,lifeproofbionicwomen,1507467593.0,54079,,i.imgur.com,'',751jg8
"Happy wedding shower, Jana. Love the sign!",thesmith87,1523750933.0,54010,,i.redd.it,'',8cblkm
wrong hand ma'am,RedTomatoSauce,1527499998.0,53877,,v.redd.it,'',8moub8
I like this Airport Terminal so much that I took a photo of myself in line waiting for my plane.,Lohr700,1525184883.0,53859,,i.redd.it,'',8g8un7
Pink Panther!,julieeea,1527706523.0,53866,,i.imgur.com,'',8nb6kv
Zoom mode engaged,arg6531,1507259492.0,53844,,gfycat.com,'',74l0s5
Magic of morning,Skipper00game,1517311584.0,53773,,i.redd.it,'',7u0di7
On the back cover of Banksy's book,Lympwing2,1523615271.0,53751,,imgur.com,'',8by4ot
Probably not the best tattoo idea ever...,kintaro__oe,1525990849.0,53620,,i.redd.it,'',8iitbt
Wait for it... [NSFW],sanch3z90,1517411979.0,53581,,i.imgur.com,'',7ualfb
Police stop at a Canadian half marathon,to_gs,1502745000.0,53427,,i.redd.it,'',6tphjm
Super bowl ads,neufeldesq,1517795574.0,53420,,imgur.com,'',7vbe2q
"In Soviet Russia, pedestrian hit car",BA3HENOV,1523528038.0,53407,,i.redd.it,'',8bp288
Breaking a wine glass using a frequency generator and a megaphone,TheCreatorLovesYou,1506223229.0,53388,,i.imgur.com,'',722txm
"Let's go for a bike ride they said, it will be fun they said",ImmunosuppressivePip,1513199910.0,53382,,i.redd.it,'',7jmfyt
Name a better duo than this.,wesselcazemier,1508921317.0,53328,,i.imgur.com,'',78mfa7
When a family argument gets out of hand,vastez,1519575090.0,52974,,i.redd.it,'',805d5s
"My dog is dignified. My wife's dog, doesn't know the meaning of the word.",Xicor37,1523667222.0,52918,,v.redd.it,'',8c43ok
Can My Dog Eat This?,obviousplant,1512152059.0,52899,,i.redd.it,'',7gwupl
Magician Bros - Outdoors edition,Jogger312,1509930021.0,52876,,i.imgur.com,'',7b1qv0
"A major career change... it‚Äôs not going to be easy, but I‚Äôm ready.",Rmrichards1385,1529365297.0,52856,,i.redd.it,'',8s4842
Teacher said we are allow to bring single side paper for notes during final.,Jack114555,1530194291.0,52852,,i.redd.it,'',8ujnmy
Ahhh..The Good Old Days,therealslimhacker,1516822897.0,52781,,i.redd.it,'',7spqo1
"Uhhh, Dora?",Xronco,1522717045.0,52772,,i.redd.it,'',896yzn
"Look at me, I'm a goat",SlimJones123,1507030148.0,52724,,imgur.com,'',73zrzb
Our office dog is featured on our marketing materials.,The_Drunken_Sniper,1523556723.0,52636,,i.redd.it,'',8bsbj2
I finally found out why my clock runs fast,Benjapeters,1525231991.0,52611,,v.redd.it,'',8geffw
The intern struggle...,icantthinkofacreativ,1520623701.0,52358,,i.redd.it,'',839dy9
What's the most dangerous thing your Dad let you do?,kiplightbringer,1518536188.0,52331,,i.redd.it,'',7xa6na
When you can't afford a proper dog....,phd_dude,1501721386.0,52278,,i.imgur.com,'',6r8rsj
A Vicious Cycle,MrWeiner,1511187944.0,52108,Verified,i.redd.it,'',7e96u7
Weight for it,JF_112,1504019359.0,51908,,i.imgur.com,'',6wrto6
"""He was in the backyard last time I checked""",ImmunosuppressivePip,1513126886.0,51869,,i.imgur.com,'',7jfjrp
Naming your pets honestly,Marmite_Badger,1505663696.0,51839,,i.redd.it,'',70oadm
The man. The myth. The legend.,meme-loop,1523465550.0,51784,,v.redd.it,'',8bilq4
boxing ball z,sellyourcomputer,1513116329.0,51720,Verified,i.redd.it,'',7jedol
Don't smile at wolves,Nibbink,1529698078.0,51670,Verified,i.redd.it,'',8t4e1w
"Roses are red, butter is creamy,",electricrailway,1511009815.0,51657,,i.redd.it,'',7dsqwr
Guess we'll skip this house,IPlayTheTrumpet,1502560671.0,51621,,i.redd.it,'',6t9vuu
Michigan weather,montemole,1510688380.0,51533,,v.redd.it,'',7cy5kp
My brothers picked me up from the airport. It was a full plane.,_Canaduh_,1530862325.0,51523,,i.redd.it,'',8wi660
The art of seasoning,StaplePaper,1523101281.0,51454,,v.redd.it,'',8ahird
Get out of the way!,FSarkis,1524918407.0,51406,,v.redd.it,'',8fjktj
Very classy,SlimyKiwi,1531729671.0,51400,,i.redd.it,'',8z97e7
Spotted at the Renaissance Fair,hide_your_lurkers,1506978640.0,51381,,i.redd.it,'',73vrh9
I just wanted a soda...,joshkent,1508026811.0,51346,,gfycat.com,'',76ftg1
‚ÄúMom I think I gave grandpa the wrong pills !!!‚Äù,mikermatos,1512226153.0,51294,,v.redd.it,'',7h2zt4
Conflict in Literature,Djehuty93,1508593854.0,51271,,i.redd.it,'',77tgoy
Sometimes the funniest things are completely unplanned,anderdude,1521427975.0,51260,,i.redd.it,'',85gdj8
Who would have thought?,CanThisBee,1504547651.0,51257,,i.redd.it,'',6y1xka
Cheerful shadow,snb75,1502020468.0,51220,,i.redd.it,'',6rxyw4
Frigid,MrWeiner,1530276470.0,51058,Verified,i.redd.it,'',8ususj
This eight-year-old is going places,natedelgado,1528223871.0,51061,,i.imgur.com,'',8otb8l
My girlfriend likes to cut my sandwiches into weird shapes just to watch me suffer.,adam_philip,1519925266.0,51050,,i.redd.it,'',816z8z
Alarm Clock,Armpit_Penguin,1521508586.0,50972,Verified,i.redd.it,'',85ovu9
Say My Name,MrWeiner,1503587527.0,50957,Verified,i.redd.it,'',6vrhcd
My cousin‚Äôs legs after a day in the sun in ripped jeans,BigOrangeScrewed98,1524964359.0,50953,,i.redd.it,'',8fo6wo
Horrific accident at the Iowa State Fair,JF_112,1502989477.0,50836,,i.imgur.com,'',6ubdm2
A direct hit,JF_112,1504138391.0,50791,,i.imgur.com,'',6x3e3z
Interview with Mads Mikkelsen,rosmarienus,1532075277.0,50753,,i.redd.it,'',90e8ub
We all have fears....,phd_dude,1502762701.0,50693,,i.imgur.com,'',6tr8tl
It sort of Bugs me.,jbird221,1517392396.0,50655,,imgur.com,'',7u8uee
DEADLY üëãüèº,bobcats2019,1505675820.0,50638,,i.redd.it,'',70pk7q
Found an ancient artifact,cooltonsnook,1511322517.0,50614,,i.redd.it,'',7enxqw
The door's open this time. Confidence.,EnglistanPotato,1524305575.0,50562,,imgur.com,'',8duwo7
Gather the knights,Nibbink,1531055000.0,50397,Verified,i.redd.it,'',8x1ag4
Solar powered pants,rimalp,1505386357.0,50391,,i.imgur.com,'',701gh2
Neighbor says your dog is scary and needs a muzzle? Not a problem.,IWishItWouldSnow,1502241054.0,50272,,i.imgur.com,'',6si2yc
Bend the knob,montemole,1508792780.0,50239,,v.redd.it,'',78auzx
The orb of confusion,Majike03,1506255870.0,50235,,i.imgur.com,'',724r6i
My bathroom art,untameabledonkey,1521489588.0,50234,,i.redd.it,'',85miic
"My little cousin wanted to be a road for Halloween, so my aunt made her this costume",Messyhook,1508805108.0,50095,,i.redd.it,'',78c668
My cat is a bit special. Thinks she is locked out..,LukeyC224,1525811284.0,50093,,v.redd.it,'',8i00c4
My husband is real mature. Couldn't leave the Crayola Experience without naming his own color. Payton is my moms dog that will hump literally anything.,defnotsnickle,1531867618.0,50066,,i.redd.it,'',8zpwxw
"""The girls are comin!""",Pyromann,1520871118.0,50059,,v.redd.it,'',83w41t
My brother sent this to me and said he bought a ‚Äúhipster drone‚Äù,badrobotdavid,1521589970.0,50029,,i.redd.it,'',85xo8f
Raise a kid with loads of love and they reward you with flattering Snapchat posts of you,blove1150r,1514037788.0,50020,,i.redd.it,'',7lora6
Taught my one year old to be a zombie. Now she does it anytime I ask,Q-Tipz,1525230190.0,49859,,v.redd.it,'',8ge99c
One of my best friends married his girlfriend yesterday. Our other best friend was his witness.,tbdakotam,1519324948.0,49859,,i.imgur.com,'',7zh7jg
This king size bed keeps getting smaller and smaller,ilikegear,1529792742.0,49849,,i.imgur.com,'',8tdg7o
Google's dating advice,rkpx1,1517102790.0,49776,,i.redd.it,'',7th6dz
Wise words from a Purdue University student,Benji013,1520208382.0,49754,,i.redd.it,'',821s9r
"Found out my three year old daughter keeps a box with a knife, a gun, and some cash. Should I be worried?",moses1424,1510548110.0,49699,,i.redd.it,'',7cksbx
Fuck off Houston,sanclementejedi,1504053319.0,49669,,i.redd.it,'',6wvkbw
Bedtime,KvasirsBlod,1522660873.0,49637,,v.redd.it,'',88y1hb
I asked my girlfriend how badly her screen was cracked after she dropped her phone... she sent this,dsubpo,1506742614.0,49615,,i.redd.it,'',73csli
Saw this at a bar I went to today (look at the serial number).,London_Atlas,1501808749.0,49585,,i.redd.it,'',6rh2yi
"Act normal, human is here",SlimJones123,1526566995.0,49552,,gfycat.com,'',8k4mnr
She won't go near the peanut butter,Robin4la,1506527052.0,49493,,i.redd.it,'',72t439
The newspaper once printed Farside and Dennis and switched their captions,hometowngypsy,1506510598.0,49383,,i.imgur.com,'',72rjqt
Take us ouuut..,Dokrele,1517729653.0,49382,,i.imgur.com,'',7v5gsi
I left this baby growth chart in a Babies R Us,obviousplant,1507223826.0,49303,,i.redd.it,'',74hfd7
Alienware,Raphcomics,1531305013.0,49251,Verified,i.redd.it,'',8xyfx7
Wow,Harvickfan4Life,1527446217.0,49236,,i.redd.it,'',8mjql1
I think about this image a lot.,_Frothy_,1522499819.0,49229,,i.redd.it,'',88ico2
"Today, my one year old brother decided to run away with my phone. While it was recording.",Oblivion90210,1526936047.0,49186,,v.redd.it,'',8l46jo
Bowling isn‚Äôt for everyone,Jamtonisalon,1515597745.0,49160,,gfycat.com,'',7pg8im
England after beating Sweden in the World Cup today.,,1530978987.0,49125,,cdn.discordapp.com,'',8wu4em
too much metal,danbrownskin,1517196225.0,49103,,i.imgur.com,'',7tpgt8
Mailbox damaged - Found this note,BiggestSur,1506365557.0,49049,,i.imgur.com,'',72ekrw
From utter loss to pure happiness,Alecohe,1506441952.0,49049,,i.redd.it,'',72lcyn
The hero we deserve but not the one we need right now,RestfulCounterspy,1532380177.0,48841,,v.redd.it,'',91b0fi
"My partner works in a bakery, they just received this as a cake order.",felopez,1507917411.0,48762,,i.imgur.com,'',766j1t
Can‚Äôt fool me!,AnonymousPNess,1528567342.0,48699,,i.imgur.com,'',8puliv
This Local tattoo studio has a sign at the reception counter...,Collins446,1525015303.0,48642,,i.imgur.com,'',8frz18
Message in a bottle,-sUBzERoo-,1519743331.0,48638,,i.redd.it,'',80n0ji
She escaped,simplyGagi,1527422327.0,48552,,i.redd.it,'',8mhb2c
"It‚Äôs a-me,",sklopr,1517014235.0,48534,,i.redd.it,'',7t94xx
Babe?,AestheticPurrfection,1529978037.0,48494,,i.redd.it,'',8tw5gm
Cat hiccups,cyan1618,1522750861.0,48477,,i.imgur.com,'',89c8o6
I think I don‚Äôt want a coffee now,Dadomaso,1511126054.0,48378,,v.redd.it,'',7e3j90
"Umm, why you do this to me?",Aeogor,1510103576.0,48358,,i.imgur.com,'',7bhub1
When they ask you about the dress code.,IsProbablyLying4,1527532094.0,48299,,i.redd.it,'',8ms8d2
Vacation Planning,kevinnetter,1508634472.0,48287,,imgur.com,'',77xbcp
Betrayal,mike_pants,1525960484.0,48218,,i.imgur.com,'',8if1rt
Elevator weatherman,DickFromAccountings,1527631325.0,48204,,i.imgur.com,'',8n35bw
Why my city wife refuses to go into my country parents' back yard.,grindinghalt,1510061451.0,48176,,i.imgur.com,'',7bd5z0
Cat in safe hands.,scorpionpredator14,1523959543.0,48176,,i.redd.it,'',8cveow
Getting a traffic ticket,joparebr,1520600499.0,48151,,gfycat.com,'',836i9w
My little sister‚Äôs outfit for 4th of July dinner.,TheAlligatorGar,1530748687.0,48129,,i.redd.it,'',8w64l0
"Deadpool can try, can't he?",Greypo,1524223658.0,48075,,i.imgur.com,'',8dmuhv
CHOOSE,MrWeiner,1509633986.0,48021,Verified,i.redd.it,'',7abz20
When roommates disagree,Z5555517,1520630958.0,47986,,i.redd.it,'',83ab8p
"When you're 7 Feet Tall, Life is an Obstacle.",TallestRedditorEver,1512854352.0,47981,,v.redd.it,'',7iphbc
"""Baseball catch"" prank",thecriclover99,1520689488.0,47982,,gfycat.com,'',83f7wx
I wanna know where they got a working chandelier. lol,CM0nEE,1503415111.0,47902,,i.redd.it,'',6vbp18
I may never need to post again,zonewebb,1527515930.0,47791,,i.redd.it,'',8mq8fw
Wish,jungle-boogie,1528829102.0,47766,Verified,i.redd.it,'',8qlhea
Life in a nutshell,mohamez,1502494333.0,47762,,galshir.com,'',6t51ag
LMAO! You thought one of them lost?,SycoZoid,1503881785.0,47736,,i.redd.it,'',6wg24a
Corporate Flow Chart,OneCanSpeak,1503019669.0,47695,,i.redd.it,'',6uemhl
Missed my Master‚Äôs graduation because of Aerosinusitis and rushed to emergency room. Here‚Äôs my dad handing me my insurance papers pretending to graduate me.,Perswayable,1526153908.0,47655,,i.redd.it,'',8iydu6
So majestic. Much grace...,Astro_Break,1529271880.0,47550,,i.imgur.com,'',8rualj
This owl has seen some stuff.,The_King_of_Masons,1513183316.0,47508,,v.redd.it,'',7jkgv3
"""I shall call him Chompy""",RespectMyAuthoriteh,1523484469.0,47497,,gfycat.com,'',8bl2vj
Seems oddly familiar,Kayuga32,1527675664.0,47465,,i.redd.it,'',8n7gex
So happy for them.,mashoodali00,1522692908.0,47441,,i.imgur.com,'',892obp
Evolution,wild-apache,1525086908.0,47433,,i.redd.it,'',8fyol9
"I searched ""Bleached Asshole"" on youtube. This is the first result",googleufo,1501612782.0,47413,,i.imgur.com,'',6qyal1
Love the IT Crowd,_drumstic_,1519944266.0,47412,,i.imgur.com,'',819ijy
"No, no im sorry they are all mine!",dreadmoore_,1504104541.0,47347,,i.redd.it,'',6wzmfs
A Dominos employee stood outside of a recently closed Papa Johns in my neighborhood and started selling some pizzas.,tomqueefed,1527684840.0,47332,,i.redd.it,'',8n8c0z
Spotted this in my university‚Äôs parking lot,ReverseMermaidMorty,1518037789.0,47318,,i.redd.it,'',7vzg4o
"The Cop isn't looking, now's my chance!",DamnThatWasMyHead,1508440300.0,47271,,i.redd.it,'',77gosk
"Parents asked me to house sit for them while they're out of town, I sent them this today.",TrueTriage,1515824447.0,47254,,i.redd.it,'',7q2waw
When you've only been doing the lectures online and your professor pulls a fast one on the midterm.,thepkmncenter,1524030844.0,47237,,i.imgur.com,'',8d3edj
Security guard chases skateboarder,namraka,1510499147.0,47228,,gfycat.com,'',7cfudw
Picking up the litter,,1519933023.0,47176,,i.imgur.com,'',8180wl
Tesla vs Toyota,Thatyahoo,1511229755.0,47161,,i.redd.it,'',7ee9rf
1000 IQ low cost cosplay,Jbeansss,1532937685.0,47213,,i.redd.it,'',9327at
"""I don't mean to bother you but could I get a signature please?""",minipiemix,1506625010.0,47018,,i.redd.it,'',7328q3
Antonio Banderas as Pablo Picasso looks like Colin Mochrie,lickeypops,1524669904.0,47014,,imgur.com,'',8euefs
This guy is unbeatable,NicolasCKJ,1513868098.0,47000,,v.redd.it,'',7l9xa9
Found this on Amazon under hourglass reviews,itsnotarocketscience,1531087943.0,46982,,i.imgur.com,'',8x598u
This dads reaction finally getting a son after 3 daughters,DelaYla3,1502919468.0,46956,,i.redd.it,'',6u5c8l
The Face of Betrayal,BlurryLens,1530318863.0,46942,,i.redd.it,'',8uy3mr
Using humor to shame passengers into vacating the preferential spot,Rcaroman,1525758426.0,46926,,v.redd.it,'',8hue21
The best reverse gif I've ever seen,fuckincaillou,1507525580.0,46894,,i.imgur.com,'',756y5w
Dominos,TheSANEG,1515325132.0,46824,,i.redd.it,'',7oq5ny
People at the store in Houston would rather starve during Hurricane Harvey than eat chicken and waffle Lay's,KyloRad,1503613079.0,46784,,i.imgur.com,'',6vubsc
Just a mime handing out mime flyers.,TwoPointZero_gpa,1515590005.0,46719,,v.redd.it,'',7pfh7f
Well this was false advertising,moidawg,1525355822.0,46616,,i.imgur.com,'',8gqjv8
Had to do a double take,insoh2,1509064675.0,46612,,imgur.com,'',78zvlc
Tea is Dangerous,HotpotDC,1508588234.0,46599,,imgur.com,'',77t1ej
"Saw this, laughed out loud, very witty",,1503397647.0,46587,,i.redd.it,'',6va37k
He's gonna confuse them all,mohamez,1503748815.0,46590,,i.imgur.com,'',6w5685
Goddamnit Linda,DJsupaman,1525602751.0,46561,,imgur.com,'',8heeed
Good boy is fascinated by the new quadcopter,SlimJones123,1522852432.0,46559,,gfycat.com,'',89pz7m
BEST NUT EVER!,cyan1618,1523589355.0,46553,,i.imgur.com,'',8bw4ji
Look at this photograph,mattylayne,1509321731.0,46437,,i.redd.it,'',79k608
My sister recently got in to cross stiching,mpawlak,1529541409.0,46416,,i.redd.it,'',8sni4m
Nothing but net,SlimJones123,1508415137.0,46410,,gfycat.com,'',77dyym
Thought you guys might like to see my new banana hammock.,,1502741448.0,46369,,i.redd.it,'',6tp3fe
Betty Vs. Cloris,RunningDrummer,1504720142.0,46367,,i.redd.it,'',6yh8fs
Someone had a successful Prime Day.,amlarson1111,1531954524.0,46339,,i.redd.it,'',900b2x
Police dog after sniffing drugs all day,ColbertNation_,1525936837.0,46317,,i.redd.it,'',8id1uj
How do people afford cars like those?,buffybot_bot,1518101818.0,46321,,i.imgur.com,'',7w5bnu
Classic God,PM_ME_PCP,1510067375.0,46299,,i.redd.it,'',7bdr1i
Many of us can relate.,MichaellZ,1527981900.0,46176,,v.redd.it,'',8o4hoh
Something seems familiar about this,OfficialGoneZero,1525105608.0,46101,,i.redd.it,'',8g0q7f
Happy Easter!,_loathed,1522532323.0,46087,,i.redd.it,'',88lw7h
That guy couldn‚Äôt pull out of a driveway,DriftN2Forty,1517092351.0,46083,,i.redd.it,'',7tg4rq
Squeeze [OC],goneintorapture,1522325921.0,46039,Verified,i.imgur.com,'',880sj5
Honest signage,nyetyet,1520135337.0,46026,,i.redd.it,'',81vd7t
Good to know. Summer will be here soon.,G0825,1522537075.0,46016,,i.redd.it,'',88met2
Someone left their phone in a Little Caesar's and found this on their iCloud,coolguythatscool,1505760704.0,45981,,v.redd.it,'',70x2xh
This kid is going places,Why1sGam0Ra,1526197007.0,45965,,i.imgur.com,'',8j2ci1
"I'll take ""Restaurant names that sound like sex acts"" for $400, Alex",ladywindermere,1504112720.0,45931,,i.redd.it,'',6x0kfo
It's already 2018 here in Asia. Happy New Year Reddit!,9999monkeys,1514741824.0,45782,,i.redd.it,'',7n9rn5
Only in Boston's South End and The Gallows. Local drag queen single-handedly pushed out a stuck police wagon.,qutx,1520998906.0,45739,,v.redd.it,'',84adfd
I went to the zoo but the Rhino was tired.,tubbytucker,1525118345.0,45700,,i.imgur.com,'',8g2e8q
"Coworker's Halloween costume ""Bert"" Reynolds",FrancesJaane,1509806256.0,45486,,i.imgur.com,'',7aqzb6
Unexpected comeback.,artisticano,1530165256.0,45468,,v.redd.it,'',8ugq3j
2018 Rapper,ChainSmokingLlama,1523749051.0,45394,,i.redd.it,'',8cbf47
spooky spoons,sellyourcomputer,1523034321.0,45367,Verified,i.redd.it,'',8ab8b7
Ironic.,SaltyGenjizz,1505523178.0,45313,,i.redd.it,'',70e0do
My 5 year old made a Calvin themed birthday work of art for me,Livin_Tha_Dream,1525379902.0,45289,,i.imgur.com,'',8gtkp8
Dinosaur kid,ashiepants,1501720182.0,45268,,i.redd.it,'',6r8nnp
What it's like working with all women and their lunch purses..,Nyrfan82,1529499777.0,45248,,i.redd.it,'',8si4cw
Sometimes you just need a break,Whitlow14,1526507802.0,45126,,i.imgur.com,'',8jywcd
"So Idris, could you please describe your background to us?",hardpencils,1504621048.0,45058,,i.imgur.com,'',6y8962
Sneaky little Hobbitses,lomnafsk,1526653115.0,45043,,i.redd.it,'',8kdih3
Merry xmas!,boozibear,1514177739.0,45013,,i.redd.it,'',7lzndc
Bottle battle,heynow941,1530894073.0,44979,,v.redd.it,'',8wlejr
I don't even know.,Yalz447,1506616577.0,44965,,i.imgur.com,'',731a95
I hope it‚Äôs an xbox,UbisBroken,1514028655.0,44954,,i.redd.it,'',7lo72y
Baggage claim at the Honolulu Airport,SigmarBergmann,1523355627.0,44883,,v.redd.it,'',8b6jzk
My girlfriend hung out at my house while I had to work.,hippiekayay,1518895813.0,44877,,i.redd.it,'',7y8sas
Stock photographers never dissapoint me,eggsplorer,1525613878.0,44864,,i.redd.it,'',8hf8bo
That‚Äôs the reason I‚Äôm laughing by myself all the time,maannasir,1524228754.0,44768,,v.redd.it,'',8dnbin
Giving kids Dark Chocolate for an Easter April Fools Surprise,IronyIntended2,1522600177.0,44749,,i.imgur.com,'',88s06f
"After 9 months with me, this is how my phone wants to start every sentence.",Cosimo_Zaretti,1530370352.0,44741,,i.redd.it,'',8v2c92
When you stop paying attention for .01 seconds,Kynetixx,1530025432.0,44675,,v.redd.it,'',8u0pyw
Road rage: interrupted.,ImmunosuppressivePip,1512861296.0,44652,,i.imgur.com,'',7iq60d
He tried,arashsh,1502474629.0,44485,,i.redd.it,'',6t2xvb
My office held an Easter Egg decorating contest. I'm not artistically inclined...,Pattmost20,1522415222.0,44462,,i.redd.it,'',88a6um
Running for cover from the rain.,natsdorf,1526149640.0,44415,,i.imgur.com,'',8ixx0o
Dodged a bullet with the California roll,Skullflxwer,1504370543.0,44367,,i.redd.it,'',6xn5co
i cant stop laughing,hirushaperera,1527433257.0,44368,,v.redd.it,'',8mi9ur
I flew back for this shit?,Unclebaya,1523967680.0,44335,,i.redd.it,'',8cw398
Right on Target,Maniso,1529282886.0,44272,,v.redd.it,'',8rvg8e
First time the ghetto Trooper was spotted in the wild,McCaarty,1529767829.0,44187,,i.imgur.com,'',8taob3
My neck.,Gray09,1517087115.0,44182,,i.redd.it,'',7tfl15
Refreshing!,,1511306236.0,44141,,i.imgur.com,'',7em5v2
Tall people problems,_--_0_--_,1520098012.0,44117,,i.imgur.com,'',81riyr
safety first,xxquikmemez420,1520609407.0,44112,,i.redd.it,'',837hlc
Real life bug,cubbies321,1524311844.0,43955,,i.imgur.com,'',8dvbcq
This mother decided to wear her bathing suit as a bodysuit.,TheRandomDreamer,1503279250.0,43851,,i.redd.it,'',6uzrps
Hunting for the sport,maxt0r,1506344328.0,43837,,i.imgur.com,'',72c8w3
I guess I'll just go then...,Subtle_Omega,1511363781.0,43836,,i.imgur.com,'',7ermla
All this space crap,martinrojas,1502907027.0,43810,,i.redd.it,'',6u3wzh
Happy 4th,buildingman89,1530693794.0,43723,,i.redd.it,'',8w050k
A modern cruise liner in comparison to the Titanic,TakenAksis,1530919124.0,43720,,i.redd.it,'',8woo2l
I will never understand people who put pizza on pineapple.,WorkFriendlyAcct,1509050619.0,43706,,i.redd.it,'',78yfy3
Thank you.,SlimShadyMathers,1514842977.0,43686,,i.redd.it,'',7nhue2
Marshmallow with eyes,leonardo717,1504375212.0,43565,,i.imgur.com,'',6xnoov
Leaked scene from Pacific Rim 2,dk_lee_writing,1521237185.0,43505,,i.imgur.com,'',84z5rw
Made my day...... And her's.,armorforalex,1531541740.0,43483,,imgur.com,'',8yqmtt
Finally achieved world peas,savantmedecine,1522410644.0,43392,,i.redd.it,'',889rin
WWE commentary irl,Long69Wong,1531756626.0,43377,,v.redd.it,'',8zc23b
"As a parent, the best birthday card I've ever received. The toilet humor is strong in our house.",70melbatoast,1509707972.0,43354,,i.redd.it,'',7aiq2u
Kick my seat again...,brbuff,1518056635.0,43263,,i.redd.it,'',7w1klv
Cutting in line,jlhan101,1504695988.0,43225,,v.redd.it,'',6yey2c
Anti-drone system engaged,Kruse,1524066736.0,43192,,i.imgur.com,'',8d6okt
friend is moving away for a new job,wurmparty,1521846072.0,43127,,i.redd.it,'',86oyjw
Fifty,lourd908,1510130983.0,43119,,v.redd.it,'',7bk4jx
:D,feelingood41,1531176890.0,43115,,v.redd.it,'',8xhbnh
My cousin was *wrapping presents,Doctor-B,1514080361.0,43084,,i.imgur.com,'',7lsjev
Virtual Reality,skeleton_claw,1523292262.0,43070,Verified,i.redd.it,'',8azvsy
